帖子主页,发帖时间,回复人次,转发次数,点赞次数,展示次数,当前帖子内容,转发帖子的用户id,转发帖子的用户
https://x.com/wangzhian8848/status/1876486307205251482,2025-01-07T04:29:33.000Z,3.2K,373,1.8K,14M,"我们专门建了一个投稿邮箱，欢迎各种突发新闻，社会事件，行业内幕的投稿。

投稿信箱如下：

wangjutougao@gmail.com

感谢",,
https://x.com/wangzhian8848/status/2009897748326502864,2026-01-10T07:58:59.000Z,85,3,45,35K,ICE三枪击毙37岁母亲，你觉得：,,
https://x.com/wangzhian8848/status/2009896039596339612,2026-01-10T07:52:12.000Z,98,3,195,73K,我这种级别，国安不配和我联系。我都是直接和中南海发微信。,@satoshiStormDog,风暴
https://x.com/wangzhian8848/status/2009894749982113834,2026-01-10T07:47:05.000Z,154,17,460,104K,"特朗普说，如果美国不得到格陵兰，中国和俄国就会得到。这个扯的有点离谱了。中国好像从来没有对格陵兰提出过任何要求，而且在格陵兰也没有驻军。

自己想侵略就侵略，找这个理由有的low了。",,
https://x.com/wangzhian8848/status/2009867655776494036,2026-01-10T05:59:25.000Z,151,27,495,83K,击毙！,,
https://x.com/wangzhian8848/status/2009865951957930257,2026-01-10T05:52:39.000Z,214,16,580,83K,"特朗普说我不需要国际法，能约束我行动的就是内心的道德准则。这话听起来很熟悉，老毛当年经常说，我就是秃子打伞无法无天。要那么法律干什么，也记不过来，我们每个月开一次会，什么事情都解决了。

我一直以为老毛已经死了，没想到，诈尸到了美国。",,
https://x.com/wangzhian8848/status/2009864887284183121,2026-01-10T05:48:25.000Z,71,5,207,72K,ICE又成功击毙一名非法移民。,,
https://x.com/wangzhian8848/status/2009841161071145161,2026-01-10T04:14:08.000Z,104,4,170,34K,新年，吃点儿饺子。,,
https://x.com/wangzhian8848/status/2009789877819527479,2026-01-10T00:50:21.000Z,218,23,604,150K,美国宣布退出联合国三十多个机构，马克龙说在研究退出北约。这个世界已经无法治理了。春秋进入到战国的既视感。,,
https://x.com/wangzhian8848/status/2009782086656549299,2026-01-10T00:19:24.000Z,137,8,220,128K,高市早苗想要提前解散众议院举行大选，时间大概在一个月后。提前举行大选，或许能在国内争取到更高的支持，但核心问题是来自中国的制裁企业界是否承受得住。如果承受不住，暂时的较高支持度没有太大意义。,,
https://x.com/wangzhian8848/status/2009644665646219451,2026-01-09T15:13:20.000Z,266,16,528,127K,和美国ICE相比，中国城管真实弱爆了。,,
https://x.com/wangzhian8848/status/2009638626226061670,2026-01-09T14:49:20.000Z,240,16,276,96K,明尼苏达一名37岁的美国“恐怖分子”被击毙，她是三名孩子的母亲，刚刚送自己六岁的孩子上学。,,
https://x.com/wangzhian8848/status/2009634412913426891,2026-01-09T14:32:35.000Z,52,4,147,113K,筹备了半年，终于落地了。,@DaBingJingDuo,美国大兵净多
https://x.com/wangzhian8848/status/2009564089572528208,2026-01-09T09:53:09.000Z,254,2,97,132K,最近有啥新闻值得聊聊？,,
https://x.com/wangzhian8848/status/2009474134422770108,2026-01-09T03:55:42.000Z,157,4,259,110K,看来挽救台湾的机会在于美国修宪，让特朗普当终身总统。赖清德支持否？,,
https://x.com/wangzhian8848/status/2009082312672333858,2026-01-08T01:58:44.000Z,1K,67,1.5K,395K,"石平议员说，中国制裁我，我如果能去台湾，说明台湾是一个独立的国家，和中国不一样。

可我王局被中共制裁，然后台湾也禁止我入境，由此是不是证明，大陆和台湾是一个国家，习近平和赖清德他们商量好了？

要想证明台湾是一个独立国家，首先把我解禁了嘛。",,
https://x.com/wangzhian8848/status/2009081153345736933,2026-01-08T01:54:08.000Z,151,39,607,202K,赵立坚都不敢这么说。,@sunpolis,叶隐
https://x.com/wangzhian8848/status/2009076875017302438,2026-01-08T01:37:08.000Z,240,9,592,183K,"想去一趟格陵兰。听说那里人很少，要是对移民比较友好，我就搬到那里办公。这样，等美帝把格陵兰拿下，我不但能分一笔卖国的钱，还能拿个美国护照。

当然，如果格陵兰誓死保卫祖国，我就权当去旅游一趟了。",,
https://x.com/wangzhian8848/status/2009055346523017405,2026-01-08T00:11:35.000Z,150,10,408,183K,川普搞格陵兰越来越像真的了，欧洲在懵圈中。,,
https://x.com/wangzhian8848/status/2009052573890965734,2026-01-08T00:00:34.000Z,174,11,495,314K,"太子集团陈志被柬埔寨撤销国籍，正式移交给中国。灰飞烟灭了。

150亿美元的比特币，到底是归中国还是归美国呢？",,
https://x.com/wangzhian8848/status/2008906579404615959,2026-01-07T14:20:26.000Z,217,17,242,216K,刚看了一下中国禁止出口日本的清单，竟然有VPN设备，我一时没想明白，这个为什么属于军民两用商品。,,
https://x.com/wangzhian8848/status/2008876357359657240,2026-01-07T12:20:21.000Z,297,15,516,350K,"中日贸易额每年3000亿美元左右，双方贸易基本平衡。中国卖给日本的，主要是稀土，一些重要的合金，机电产品、电子元件、高新技术产品、服装纺织品和基础原材料为主，特别是电子产品和零部件的出口量非常大。
日本对中国出口：",,
https://x.com/wangzhian8848/status/2008873266119868782,2026-01-07T12:08:04.000Z,23,2,56,82K,王局和老雷，在特里尔寻访马克思｜王局欧洲行之四 https://youtu.be/8l6YfFFf1oA?si=pexHYmmKAyh26PHQ… 来自 @YouTube,,
https://x.com/wangzhian8848/status/2008754241125708033,2026-01-07T04:15:06.000Z,36,2,76,99K,在纳粹集中营，见证德国人的“平庸之恶”｜王局欧洲行之三 https://youtu.be/4ErpS5BhIyg?si=R4XtvY0cX6qBoTqY… 来自 @YouTube,,
https://x.com/wangzhian8848/status/2008698059375735069,2026-01-07T00:31:51.000Z,119,4,88,81K,如果川普吞并格陵兰，这是,,
https://x.com/wangzhian8848/status/2008527303165591668,2026-01-06T13:13:20.000Z,530,50,977,545K,"中国对日本禁运军民两用商品，目录列了一百多页。这是正式宣告，要么高市收回她关于台湾的讲话，要么高市下台，中日关系没可能改善。而且，中国是要日本付出有足够痛感的代价。

看日本经济的抗压能力了。",,
https://x.com/wangzhian8848/status/2008501028673782012,2026-01-06T11:28:56.000Z,235,14,502,319K,老乡骗老乡，两眼泪汪汪。全都是预制菜，各位东京的朋友不要再去了。,,
https://x.com/wangzhian8848/status/2008495245114376591,2026-01-06T11:05:57.000Z,106,5,203,123K,踩雷了，味道很差。,@wangzhian8848,王局志安
https://x.com/wangzhian8848/status/2008490884560736424,2026-01-06T10:48:37.000Z,89,7,142,175K,新年了，吃点儿好的。,,
https://x.com/wangzhian8848/status/2008366072907354388,2026-01-06T02:32:40.000Z,176,2,360,104K,一个滑雪高手的诞生！,,
https://x.com/wangzhian8848/status/2008341113044934976,2026-01-06T00:53:29.000Z,100,2,183,66K,我们日本的雪场比较好,,
https://x.com/wangzhian8848/status/2008320934835269943,2026-01-05T23:33:18.000Z,104,9,189,117K,马杜罗首次庭审结束，特朗普看起来准备从重从快处理马杜罗。,,
https://x.com/wangzhian8848/status/2008319826255548500,2026-01-05T23:28:54.000Z,281,11,357,188K,我们日本的新干线，感觉有点落后了。,,
https://x.com/wangzhian8848/status/2008318750957748602,2026-01-05T23:24:37.000Z,245,6,403,300K,华为手机的自拍效果不错,,
https://x.com/wangzhian8848/status/2008146537709482017,2026-01-05T12:00:18.000Z,89,7,108,120K,今晚话题：美国抓捕委内瑞拉总统马杜罗，世界迎来“强权即正义”时代？｜绝对决心｜海豹突击队｜查韦斯｜门罗主义｜王局拍案 20260106 https://youtu.be/fIB0ANzqh5o?si=rR0WQkw6MGCms7Is… 来自 @YouTube,,
https://x.com/wangzhian8848/status/2007991290231951851,2026-01-05T01:43:24.000Z,456,38,583,183K,"如果人权大于主权，当年南非搞种族隔离制度，比贩卖点儿毒品危害更大吧？为啥当时联合国不授权直接多国部队进入占领，活捉总统，改变制度，而是仅仅采取国际禁运？

也没见到当年美国直接甩开联合国直接出兵南非啊。",,
https://x.com/wangzhian8848/status/2007986862078742618,2026-01-05T01:25:49.000Z,449,31,625,235K,"美国说马杜罗走私毒品，美国的毒品，从墨西哥走私过来的大把吧，要不趁热打铁，把墨西哥总统也抓了？

对了，芬太尼基本都是从中国来的，要不要把习近平也抓到纽约受审？干嘛弄什么关税战嘛，关税战的前提，你就是承认对方政权的合法性了，直接抓多简单。",,
https://x.com/wangzhian8848/status/2007985120142332218,2026-01-05T01:18:53.000Z,610,48,829,231K,"卢比奥说马杜罗不是合法总统，是美国通缉的嫌疑犯，因为合法性来源于选举，马杜罗没有。

按照这个逻辑，三胖也不是合法的国家元首吧，为啥特朗普还要和他拥抱，把他当朋友？

习近平也不是吧，为啥特朗普说习近平是伟大的国家领导人？",,
https://x.com/wangzhian8848/status/2007794148154482997,2026-01-04T12:40:02.000Z,28,1,72,112K,也可以，然后美国并入格陵兰。,@Juicewrld73,sony
https://x.com/wangzhian8848/status/2007790630970544388,2026-01-04T12:26:04.000Z,463,33,1.1K,348K,川普抓委内瑞拉总统马杜罗非常成功，我要是习近平，就有样学样，梧桐台湾也不需要火箭弹覆盖两栖攻击舰登陆了，直接派个特种部队，半夜里拿下台湾总统官邸，把赖清德押往泉州市人民监狱，以违反《反分裂国家爱法》予以起诉，这事儿就搞定了。,,
https://x.com/wangzhian8848/status/2007785236588110086,2026-01-04T12:04:37.000Z,426,26,878,338K,"今后这个世界就是听川普和习近平两个人的，想抓谁就抓谁。谁不服就削谁。

你要么拜一个当大哥，要么拜两个人当大哥。谁也不拜的，就只能当乌克兰了。",,
https://x.com/wangzhian8848/status/2007784501922173046,2026-01-04T12:01:42.000Z,162,16,348,129K,"日本的博物馆门票要区分日本人和外国人，东京国立日本人一千五，外国人四千。这种做法过去老共在穷的揭不开锅的时候，景区博物馆普遍搞这一套，日本现在也开始学了。

这种做法在日本有个名词—共生。",,
https://x.com/wangzhian8848/status/2007669032783360170,2026-01-04T04:22:52.000Z,99,4,175,167K,我老了，无所谓，你们还年轻。,@IchbinJPong,JokerPong
https://x.com/wangzhian8848/status/2007646871062466686,2026-01-04T02:54:48.000Z,328,44,1.1K,262K,"国内微博头条微信公众号的优质博主如果来推特，对目前推特的中文博主是降维打击。目前推特的中文大V，如果在国内，多数，绝大多数，都根本不入流。

中国推特的大V，基本就几板斧：搞黄色，信轮子，秀反共，秀反智。反智很多时候还能反出优越感来。",,
https://x.com/wangzhian8848/status/2007642238004932759,2026-01-04T02:36:24.000Z,249,57,1K,383K,"我在国内的时候，微博六七百万粉丝，每个月阅读量好几亿，是社会新闻位列第一的头部号，每个月分成也就两三万块钱。

如果推特能十倍微博，我相信微博大多数优质创作博主，都会转战推特的。",,
https://x.com/wangzhian8848/status/2007639094952882434,2026-01-04T02:23:55.000Z,19,1,72,102K,只要赚钱，没什么障碍不能克服。,@photographer029,火种
https://x.com/wangzhian8848/status/2007638431485264190,2026-01-04T02:21:16.000Z,125,10,340,184K,"推特收入如果能让优质内容输出作者稳定达到两三万人民币，我相信会吸引大量微博和脸书上的作者过来。毕竟写写帖子收入就能和打份工收入一样，还是很有吸引力的。

如果优质作者月收入能达到一两万美元，对其他文字平台是个噩梦。",,
https://x.com/wangzhian8848/status/2007635756156895418,2026-01-04T02:10:38.000Z,118,3,320,125K,约会时间！,,
https://x.com/wangzhian8848/status/2007605331325821077,2026-01-04T00:09:45.000Z,360,10,148,180K,习近平如果派军队入台，三小时抓获赖清德然后送往北京审判。你觉得和川普抓马杜罗想比？,,
https://x.com/wangzhian8848/status/2007449264688115723,2026-01-03T13:49:35.000Z,253,10,465,183K,"网上已经开始传言我马上要被日本赶走了，然后很多人开始迫不及待弹冠相庆了。

还是新加坡比较好，我考他们国语能考一百分。",,
https://x.com/wangzhian8848/status/2007448593389552003,2026-01-03T13:46:55.000Z,304,21,740,292K,马杜罗要是学金三胖，弄点儿核武器之类的，川普就不敢抓他，然后和他握手拥抱还会感觉很自豪。,,
https://x.com/wangzhian8848/status/2007433143440314501,2026-01-03T12:45:32.000Z,577,17,606,942K,川普为啥要去抓委瑞内拉的总统？,,
https://x.com/wangzhian8848/status/2007405584182849609,2026-01-03T10:56:01.000Z,185,10,216,202K,永驻要求日语，真的是新时代的闭关锁国。日本这些右翼政客，真的只适合当村长。,@Wuming80253200,Wuming
https://x.com/wangzhian8848/status/2007381435062333682,2026-01-03T09:20:04.000Z,83,7,252,99K,新年了，吃点儿好的。,,
https://x.com/wangzhian8848/status/2007380599322120601,2026-01-03T09:16:44.000Z,293,27,365,180K,"日本永驻要求日语，这是右翼势力的自杀政策，在日本高薪的外国人多数都是不太会日语的，会日语的收入普遍较低。这是要把高收入外国人群体驱离日本。

我们日本！",,
https://x.com/wangzhian8848/status/2007356578778009970,2026-01-03T07:41:17.000Z,129,7,275,129K,新年，歌舞伎町逛一逛！,,
https://x.com/wangzhian8848/status/2007295305600176405,2026-01-03T03:37:49.000Z,37,6,131,139K,王局在日本遭遇斩杀线穷困潦倒不得不通过打零工换午饭｜吃点好的20251012 https://youtu.be/kZe1UHtLx18?si=9cGgwpc8mTPg2zjc… 来自 @YouTube,,
https://x.com/wangzhian8848/status/2007063357732602332,2026-01-02T12:16:08.000Z,88,5,286,274K,喂，@Grok，请把那个吸毒的资本家移除！,,
https://x.com/wangzhian8848/status/2007043093443608683,2026-01-02T10:55:37.000Z,78,8,339,605K,请把破坏世界和平的恐怖分子照片移除，@Grok。,,
https://x.com/wangzhian8848/status/2007041787530293287,2026-01-02T10:50:25.000Z,72,5,313,392K,喂，@Grok，请把破坏中华民国宪法的人的照片拿掉。,,
https://x.com/wangzhian8848/status/2007041292061295046,2026-01-02T10:48:27.000Z,33,4,98,174K,@Grok，请把想要消灭中华民国的人的照片拿掉。,,
https://x.com/wangzhian8848/status/2007039552175976704,2026-01-02T10:41:32.000Z,181,95,1.4K,1.2M,喂，@Grok，请把危害台海和平的恐怖分子的图片拿掉。,,
https://x.com/wangzhian8848/status/2006573635956527317,2026-01-01T03:50:09.000Z,99,4,431,134K,2026大吉！,,
https://x.com/wangzhian8848/status/2006561532608643074,2026-01-01T03:02:04.000Z,76,4,218,153K,あけましておめでとう！,,
https://x.com/wangzhian8848/status/2006557541367693399,2026-01-01T02:46:12.000Z,21,4,90,127K,王局祝各位2026元旦快乐｜王局拍案20260101 https://youtu.be/N2xe0gdot24?si=CirU1PvMeDakopMm… 来自 @YouTube,,
https://x.com/wangzhian8848/status/2006333950713798893,2025-12-31T11:57:44.000Z,46,6,84,146K,今晚话题：大陆围台军演进入台湾领海，中共目标何在？｜正义使命｜台北101｜东部战区｜禁止性水域｜海马斯｜王局拍案 20251231 https://youtu.be/2lJzqfUMC5o?si=P2_RsgKXXCBIcQ3Q… 来自 @YouTube,,
https://x.com/wangzhian8848/status/2006311666557047147,2025-12-31T10:29:11.000Z,158,5,340,109K,辛苦一年，晚上吃点儿好的。,,
https://x.com/wangzhian8848/status/2006265893375062461,2025-12-31T07:27:18.000Z,261,39,829,289K,面对中共围台军演，赖清德开始践行真善忍。,,
https://x.com/wangzhian8848/status/2006264506771722538,2025-12-31T07:21:47.000Z,89,3,134,164K,确实，中共胆敢武力犯台，毕将自取灭亡。,@Lawrenc09874431,Lawrence of Gobi 愚蠢的精卫
https://x.com/wangzhian8848/status/2006171881146069186,2025-12-31T01:13:43.000Z,36,3,87,115K,王局拍案岁末直播马上开始：世界风云变换，王局谈治国理政「直播」 https://youtube.com/live/2cKEURF5-yI?si=0OD5eDqfG7iL_4lg… 来自 @YouTube,,
https://x.com/wangzhian8848/status/2006164579965972883,2025-12-31T00:44:43.000Z,74,8,339,167K,李在明1月4号访问中国，元旦假期还没结束，就来中国访问了。上一次中韩首脑互访是2014年，十一年前了。,,
https://x.com/wangzhian8848/status/2005996312551121321,2025-12-30T13:36:05.000Z,38,11,82,128K,新版 《治安管理处罚法》 只许领导睡下属，不许百姓发黄图？｜公权力｜私域｜新婚之夜抄党章｜王局拍案 20251229 https://youtu.be/xD97QEoGaOU?si=HUNtdaSxikH1ReKl… 来自 @YouTube,,
https://x.com/wangzhian8848/status/2005950828616790356,2025-12-30T10:35:20.000Z,139,18,458,369K,今天中共军队实弹演习，发射了两波火箭弹，第一波是上午17枚从平潭打到基隆北部70公里海域，第二波10枚是中午一点，从福建某地打到距离台南50公里的海域。,,
https://x.com/wangzhian8848/status/2005945429293240478,2025-12-30T10:13:53.000Z,116,6,237,188K,来自中华民国国防部记者会，今天中共军事演习，没有火箭弹落入领海，也没有军舰，海警船进入领海。,,
https://x.com/wangzhian8848/status/2005905320204472534,2025-12-30T07:34:30.000Z,133,15,433,187K,台湾无惧中共武力威胁，股市再创历史新高。,,
https://x.com/wangzhian8848/status/2005904824853053751,2025-12-30T07:32:32.000Z,37,2,107,111K,赖总统加油！,@lazystockbone,懶股頭：談股票
https://x.com/wangzhian8848/status/2005898853938344396,2025-12-30T07:08:49.000Z,117,8,261,142K,"又到了一年年末，又到了在直播间相会的日子。

 2025这一年风云变幻，世界在发生着天翻地覆的变化。

12月31日，东京时间上午10点30分，台北时间9点30分，纽约时间20点30分。王局要在直播中畅谈对2025年整个国际社会变化的理解。",,
https://x.com/wangzhian8848/status/2005889625710063686,2025-12-30T06:32:09.000Z,417,16,144,166K,中共军队入侵中华民国12海里领海，你的建议：,,
https://x.com/wangzhian8848/status/2005881763630047626,2025-12-30T06:00:54.000Z,220,10,224,178K,共军已经入侵12海里领海，可以给入侵之敌狠狠回击。,@MoNDefense,"國防部 Ministry of National Defense, ROC(Taiwan) "
https://x.com/wangzhian8848/status/2005809787838292038,2025-12-30T01:14:54.000Z,128,21,522,404K,实弹演习开始，海峡内空域已经清空，但船只依然有很多。,,
https://x.com/wangzhian8848/status/2005644606785175600,2025-12-29T14:18:31.000Z,785,59,1.7K,605K,如果明天中共在台湾领海内实弹演习时，中华民国国军奋起反击，打响反侵略战争第一枪，我将为中华民国军队捐款100万日元。保卫中华民国，保卫民主台湾。,,
https://x.com/wangzhian8848/status/2005640499550638418,2025-12-29T14:02:12.000Z,77,6,191,153K,台湾国防部本次因应速度特别快，演习刚开始第一天，就出了一个反制的宣传片。,@mna_roc,"軍聞社 Military News Agency, ROC(Taiwan)"
https://x.com/wangzhian8848/status/2005638384543572420,2025-12-29T13:53:48.000Z,88,90,663,222K,中美台空军空中打嘴仗。,,
https://x.com/wangzhian8848/status/2005607732993462604,2025-12-29T11:52:00.000Z,847,43,1.1K,727K,明天中共军演将进行实弹射击，本次军演已经突破中华民国十二海里领海基准线。此前台国防部说，一旦突破12海里领海，坚决回击。这个元旦不太平，搞不好明天内战就又重新打起来了。,,
https://x.com/wangzhian8848/status/2005591888930426908,2025-12-29T10:49:03.000Z,55,13,181,129K,赖清德说，中国因实力不足不敢越雷池一步。,,
https://x.com/wangzhian8848/status/2005509343635185761,2025-12-29T05:21:02.000Z,349,33,371,364K,从今天开始，东部战区组织陆军、海军、空军、火箭军等兵力，位台湾海峡、台岛北部、台岛西南、台岛东南、台岛以东，组织“正义使命-2025”演习，这次演习是在台湾没有作出任何挑衅的前提下，无预警直接进行的。,,
https://x.com/wangzhian8848/status/2005442246028689889,2025-12-29T00:54:25.000Z,126,9,379,312K,东京进入清零模式。,,
https://x.com/wangzhian8848/status/2005440219378802928,2025-12-29T00:46:22.000Z,53,8,149,117K,昨天看台湾举办的连胡会二书记周年纪念仪式，国民党主席郑丽文有参加，作家蓝博洲也从苗栗乡下赶来参加并发言。有段话说的挺令人感慨。,,
https://x.com/wangzhian8848/status/2005103669331824645,2025-12-28T02:29:02.000Z,113,12,304,183K,会一直继续的，馆长这种从绿的反水过来，直接喊我是中国人的，统战价值非常大。中共现在需要让台湾人，尤其是偏绿的台湾人到大陆旅游，了解大陆和台湾深绿媒体宣传的不一样。这个需要一个样板，馆长符合一切条件。馆长比那些普通的台湾艺人有价值的多。,@ouyangbo9,了无挂碍
https://x.com/wangzhian8848/status/2005099471097716959,2025-12-28T02:12:21.000Z,204,4,209,230K,"台湾如果统一，赖清德我估计能混个正国级。比如政协主席之类的,级别肯定高于港澳。",@123Xdq173,批判书生
https://x.com/wangzhian8848/status/2005093992124612703,2025-12-28T01:50:35.000Z,260,36,660,236K,要说统战，大陆人都看得懂，馆长就是中共统战对象。但中共并不需要直接给馆长钱，只要让他开直播，接商单，馆长的收入就会源源不断。而且规模远远高于他在台湾。这种市场化的“收买”对台湾人造成的冲击，才是中共想看到的。这种钱，远比中共直接给效果要好得多。,,
https://x.com/wangzhian8848/status/2005086432680182074,2025-12-28T01:20:32.000Z,69,4,138,130K,确实，我现在每天就只吃一顿饭，早上半杯牛奶兑咖啡，午饭吃空气，晚饭吃中华。到周末才能吃点儿好的。,@YAkifuyu,闲人闲语
https://x.com/wangzhian8848/status/2005077706736893994,2025-12-28T00:45:52.000Z,150,6,556,194K,馆长直播卖货，在直播家不敢骂赖清德和民进党了。按照抖音的规定，赖清德如果属于中国党和国家领导人，那是不能骂的，如果属于外国国家领导人，也是不能骂的。如果违反都是直接封号。,,
https://x.com/wangzhian8848/status/2004864660873638193,2025-12-27T10:39:18.000Z,84,12,324,113K,"台灣行政部門會昨26日拍板""社會秩序維護法""部分條文修正草案，修法的內容包括，如果在網路公開倡議、宣傳、散布或播送消滅""我國主權""之主張，得令網路服務提供者限制瀏覽或終止服務之措施。最重可拘留3天，或處3萬元以下罰鍰。",,
https://x.com/wangzhian8848/status/2004831447543386276,2025-12-27T08:27:19.000Z,60,6,121,203K,原来这样啊，我就说嘛，中共独裁怎么可能打穿天山呢？敢情被骗了。,@tianxinsuiyue,tianxinsuiyue
https://x.com/wangzhian8848/status/2004830497214791875,2025-12-27T08:23:33.000Z,119,8,150,157K,基建狂魔我们日本确实比不了。,@wangzhian8848,王局志安
https://x.com/wangzhian8848/status/2004789889913725396,2025-12-27T05:42:11.000Z,83,8,181,162K,用的工人已经很少了，连盾构机都是无人工作了。主要还是技术先进，作业面被分为16个，同时掘进。这项技术目前看全世界只有中国可以做到。,@currybeatjames,curry30
https://x.com/wangzhian8848/status/2004782106451624272,2025-12-27T05:11:15.000Z,316,30,529,386K,中国天山胜利隧道全长22公里，是世界上最长的公路隧道。更牛的是，这条隧道中国只用了52个月就建成了。这真是工程奇迹了。感觉中国这些年在工程创新环节进步太大了，遥遥领先其他国家。,,
https://x.com/wangzhian8848/status/2004743806328217658,2025-12-27T02:39:04.000Z,51,10,87,119K,《秦晖访谈录》下集—在中国谈工会的罪过是扯淡｜局面专访20251227 https://youtu.be/jS5c9E456TU?si=q73RX-XoUyAmERok… 来自 @YouTube,,
https://x.com/wangzhian8848/status/2004509156276064702,2025-12-26T11:06:39.000Z,132,4,248,101K,周末了，吃点儿好的。,,
https://x.com/wangzhian8848/status/2004447783777194441,2025-12-26T07:02:47.000Z,34,1,43,99K,大致如此。,@JiHuang02026178,Ji Huang
https://x.com/wangzhian8848/status/2004409542067777980,2025-12-26T04:30:49.000Z,262,51,959,382K,说几句有关中共宣传机构和海外这些建政的事情。大家可能知道，最近两年台湾破获数起中共间谍案，包括总统府外交部都有涉及，好几起都审结了。各位可以去看看中国给台湾间谍多少钱。其金额在我看来，真的特别少。一个服务了十几年的间谍，在台湾长期负责招募其他下线的，最后也就拿了一百万多万人民币。,,
https://x.com/wangzhian8848/status/2004389830856421621,2025-12-26T03:12:30.000Z,532,19,492,855K,人民币飙涨，中国经济要完？,,
https://x.com/wangzhian8848/status/2004378169072324934,2025-12-26T02:26:09.000Z,30,2,85,113K,秦晖：在中国谈工会的罪过是扯淡｜局面专访预告20251226 https://youtu.be/koM15s7gIsw?si=kvfBy1kECQ-2hl_s… 来自 @YouTube,,
https://x.com/wangzhian8848/status/2004169274617991240,2025-12-25T12:36:05.000Z,65,6,81,117K,今晚话题：中华民国宪政僵局无解！｜财划法｜立法滥权｜在野独裁｜宪法法院｜赖清德｜卓荣泰｜王局拍案 20251225 https://youtu.be/KXtqdSnABNg?si=1yBpeWxAy8ap_uLQ… 来自 @YouTube,,
https://x.com/wangzhian8848/status/2004023190457348485,2025-12-25T02:55:36.000Z,211,15,310,128K,"美国的医保体系的确是存在问题，昂贵，效率低。但美国也是全球范围内为创新药支付最高收益的市场，如果没有美国这个慷慨的支付体系，可能创新药无法在现有体系下进行良性运转。

从某种角度讲，美国为全世界各国支付了创新药的研发成本。",,
https://x.com/wangzhian8848/status/2004013782096662695,2025-12-25T02:18:13.000Z,57,2,85,93K,除了这个因素，也有文化因素，东亚民族整体储蓄率都比较高。,@wangg4346,wanggong
https://x.com/wangzhian8848/status/2004012085240553848,2025-12-25T02:11:28.000Z,209,22,336,232K,美国人的消费习惯在中国人看来都很败家，比如买车，中国人在收入少的时候，可能会买一辆二手车，等收入增长后，再换好一点的车。但美国人不太这样消费，很多中产都是贷款先买好车开。买房付贷款，中国人也不会把房贷占收入的比例搞得非常夸张。总体看美国人多数都没有量入为出延迟满足的习惯，都会有一,,
https://x.com/wangzhian8848/status/2004008535286489571,2025-12-25T01:57:22.000Z,81,7,509,154K,听说了，据说比美国中产过的都幸福。,@pitaimi1984,花花火箭
https://x.com/wangzhian8848/status/2003814512269688942,2025-12-24T13:06:23.000Z,276,22,334,160K,美国流浪汉吃喝等基本是不愁的，但中国当流浪汉真没吃的。所以不是被逼无奈，没几个人会去当流浪汉。但美国由于流浪汉吃喝不愁，稍微堕落一点，就进去了。这个群体的数量真挺大的。当然还有文化因素，美国不驱赶，不主动消灭流浪汉，在中国，流浪汉是被城市和社会管理“消灭”的对象。,@jxzdmzw,侥幸没歪
https://x.com/wangzhian8848/status/2003807584881664268,2025-12-24T12:38:51.000Z,170,9,401,125K,平安夜，吃点儿好的。,,
https://x.com/wangzhian8848/status/2003796994746462401,2025-12-24T11:56:46.000Z,43,6,67,88K,今晚话题：外卖骑手搅动长沙不眠夜，揭竿而起还是寻衅滋事？｜业权｜歧视｜合能丽璞｜阶级对立｜维权｜王局拍案 20251224 https://youtu.be/WE0Pst4ctbI?si=BOMAgfrM0LbOnatH… 来自 @YouTube,,
https://x.com/wangzhian8848/status/2003775671869530220,2025-12-24T10:32:03.000Z,189,61,750,192K,这个世界富豪们在那生活都挺好，不同国家的区别在普通人。,,
https://x.com/wangzhian8848/status/2003771165605781857,2025-12-24T10:14:08.000Z,81,4,278,117K,本来就不是在搞社会主义，说社会主义都是忽悠傻子的。当然，也幸亏没有搞什么社会主义。,@Thomaskong96638,Thomas
https://x.com/wangzhian8848/status/2003770797652062694,2025-12-24T10:12:41.000Z,149,17,483,141K,我比较支持中华民国消灭中华人民共和主权。,@xixi58160526,xixi
https://x.com/wangzhian8848/status/2003760334537142719,2025-12-24T09:31:06.000Z,37,1,79,74K,安排！,@NewbeeMu,HarleyQuinn
https://x.com/wangzhian8848/status/2003745924548546637,2025-12-24T08:33:50.000Z,58,1,116,83K,免费医疗没必要，做到医保各个系统统一报销就可以了。另外有特别困难的，可以有单独的补助系统。免费不一定好，效率低，搭便车。,@US5188,海森堡！
https://x.com/wangzhian8848/status/2003701394101141988,2025-12-24T05:36:53.000Z,126,13,248,142K,这是一种误解，事实上大量的城市长大的农二代，根本回不去了。家里的地撂荒多年，而且他们也不会种地。很多人家里的房子都倒了，你想，二三十年没在那里生活。就算去种地，收入每亩几百块，也覆盖不了他们的生活成本。也解决不了他们面临的个人风险，一个人在城市生活的风险级别，是农村社会的几十倍。,@Kongkongda5882,空空道人
https://x.com/wangzhian8848/status/2003699290334785875,2025-12-24T05:28:32.000Z,29,1,58,65K,个人储蓄也是必要的。不能将风险防范全都放到社会上。,@0z_Dustin136,Gm_CafeFi
https://x.com/wangzhian8848/status/2003698452660912566,2025-12-24T05:25:12.000Z,428,117,1.2K,284K,中国为什么很多底层看起来没有那么惨，是因为中国的家庭结构支持，比美国日本这些国家强的多。真有困难，家人会全力以赴帮助，而不是因为中国的社会保障系统更完善，社会容错率更低。,,
https://x.com/wangzhian8848/status/2003662464131694696,2025-12-24T03:02:12.000Z,74,15,326,135K,后来禁止到北京上访，流浪，乞讨，北京也开始清理低端人口，看起来是少了，但这些人并没有消失。当年徐纯合一家就是想去北京乞讨，因为北京乞讨收入高，带着孩子。后在在火车站和警察发生冲突，被击毙了。,@wanghaodepubg,传奇耐摔王牢大
https://x.com/wangzhian8848/status/2003660627274084540,2025-12-24T02:54:54.000Z,247,19,295,122K,流落街头的多了去了，你看不到而已。20年前，我还给北京某公益小组捐过钱，他们统计在天安门周边一公里范围，无家可归的就有i几百人。晚上睡在过道，取暖管道井里。,@ran_zai99454,王再冉
https://x.com/wangzhian8848/status/2003656383854706910,2025-12-24T02:38:02.000Z,275,34,1K,349K,中国有没有斩杀线，太多了，也更残酷。只是中国媒体不让充分报道，你看不到那些苦难而已。,,
https://x.com/wangzhian8848/status/2003648434214174934,2025-12-24T02:06:27.000Z,158,32,655,262K,其实哪个国家都有斩杀线，比如日本，基本上不会给人改正错误的机会。一旦因为某个小事儿被解雇，或者被处罚，立即跌落社会最底层，而且永远没有翻身的机会。就只能做做那种停车场旁指挥交通的工作。收入低，没有存在感，没有保障，甚至也没有社保，都是小时工。,,
https://x.com/wangzhian8848/status/2003610557614854303,2025-12-23T23:35:56.000Z,126,11,253,166K,中国版猎鹰九号，长征12号甲首发失败，卫星入轨，一级火箭回收没能成功。,,
https://x.com/wangzhian8848/status/2003471537731698976,2025-12-23T14:23:31.000Z,61,6,212,192K,"有没有长沙的外卖骑手，小区业主，了解昨天现场冲突内情的，可以给王局私信，或者给我们发邮件。

邮件地址：

wangjuBGSH@gmail.com

感谢感谢！",,
https://x.com/wangzhian8848/status/2003444709591777689,2025-12-23T12:36:55.000Z,27,4,43,89K,《江南春》疑云（续）｜徐湖平｜文物总店｜监守自盗｜庞叔令｜艺兰斋｜郑振铎｜陆挺｜杨仁恺｜王局拍案 20251223 https://youtu.be/EX25fP6JExU?si=jJf-jGkxotYL6bVa… 来自 @YouTube,,
https://x.com/wangzhian8848/status/2003419568820408780,2025-12-23T10:57:01.000Z,333,16,216,323K,海南封关是不是会对新加坡构成颠覆性威胁？,,
https://x.com/wangzhian8848/status/2003418703325724702,2025-12-23T10:53:35.000Z,57,4,113,68K,中国可以先把格陵兰岛买下来，然后坐等美国和中国谈判。今后世界的格局就是买买买，卖卖卖，主权。,,
https://x.com/wangzhian8848/status/2003414016987897964,2025-12-23T10:34:57.000Z,121,6,317,111K,日本人圣诞节吃肯德基，为了保证能吃上，要提前几个月预定。前年我入乡随俗，提前预订了肯德基，真难吃。今年再也不随俗了。,,
https://x.com/wangzhian8848/status/2003413384461713514,2025-12-23T10:32:27.000Z,40,1,99,86K,习近平可以拿台湾和美国换格陵兰,@zaobaosg,联合早报 Lianhe Zaobao
https://x.com/wangzhian8848/status/2003410464714391688,2025-12-23T10:20:51.000Z,131,6,228,393K,斩杀线咋回事儿？,,
https://x.com/wangzhian8848/status/2003366135530696732,2025-12-23T07:24:42.000Z,181,17,347,111K,"其实现在当资本家挺容易的，那些说资本家剥削工人的不妨试试看，花几万块开个咖啡店，奶茶店，或者拉面店，看看自己剥削人爽不爽？

理论这东西经不经得起检验，就看现实中人用脚选择投票。如果大家都不想当资本家，这个剥削理论就是扯淡的。",,
https://x.com/wangzhian8848/status/2003364030048834039,2025-12-23T07:16:20.000Z,26,2,47,85K,吃不起。,@pingzhang632,张平
https://x.com/wangzhian8848/status/2003346125810725320,2025-12-23T06:05:11.000Z,20,4,75,88K,国家和江苏省同步成立调查组，核查江南春事件。,,
https://x.com/wangzhian8848/status/2003098166670012796,2025-12-22T13:39:53.000Z,41,7,141,248K,今晚话题：《江南春》疑云 ｜南京博物院｜仇英｜嘉德拍卖行｜苏州片｜庞莱臣｜艺兰斋｜王局拍案 20251222 https://youtu.be/ZpDP8pcPUV8?si=O46wanzR5UQga2R3… 来自 @YouTube,,
https://x.com/wangzhian8848/status/2003341547614654927,2025-12-23T05:46:59.000Z,35,12,173,73K,正义战胜邪恶。,@Charleshvgo,虞超
https://x.com/wangzhian8848/status/2003093470437900402,2025-12-22T13:21:13.000Z,293,29,949,436K,王局当大外宣铁证自曝！,,
https://x.com/wangzhian8848/status/2003083384852262949,2025-12-22T12:41:09.000Z,51,5,616,162K,祝贺！,@Alex8282019,二爷Alex
https://x.com/wangzhian8848/status/2003083151212720579,2025-12-22T12:40:13.000Z,89,4,254,125K,YouTube今天宕机了，上传的视频一直不处理。是不是李大师给谷歌发功了？,,
https://x.com/wangzhian8848/status/2002930646466052169,2025-12-22T02:34:13.000Z,51,9,134,139K,纽约时报是王局媒体矩阵的一部分，得到了部分证实。,,
https://x.com/wangzhian8848/status/1915667389431390479,2025-04-25T07:21:11.000Z,271,132,1.3K,524K,王局媒体矩阵图,,
https://x.com/wangzhian8848/status/2002904065987227895,2025-12-22T00:48:36.000Z,385,25,578,297K,"东京都1400万人口，今年只出生了8万人，这还是年轻人扎堆儿的东京都。

我们现在日本的政客都不干正事儿，这才是危机存亡的大事儿。按照这个速度，再过二百年，日本列岛就没人了。别说钓鱼岛，整个日本没准都被中华民国占领了。",,
https://x.com/wangzhian8848/status/2002903179537895454,2025-12-22T00:45:04.000Z,330,4,139,249K,最近有啥新闻值得聊聊？,,
https://x.com/wangzhian8848/status/2002705189997105276,2025-12-21T11:38:20.000Z,105,29,530,180K,"国民党立法委员谢龙介，在立法院咨询国安局长和国防部长挺有意思的，谢问，日本首相说台湾有事儿就是日本有事儿，那我问你们，如果日本有事儿，台湾会不会有事儿？

两位当时就有点懵，知道这是个送命题。

两个人就开始打哈哈，要看什么事儿？谢说，就是高市早苗说的那个有事儿。",,
https://x.com/wangzhian8848/status/2002693544000323713,2025-12-21T10:52:03.000Z,99,11,197,98K,日本农林水产大臣铃木宪和12月19日称“为了防止米价暴跌有必要抑制大米生产”。铃木的言论在网络上引发强烈不满，大量日本网民抨击铃木为维护自己的政治利益让普通民众受苦。,,
https://x.com/wangzhian8848/status/2002598689844703340,2025-12-21T04:35:08.000Z,99,6,341,132K,日本社会记者地位虽然不高，但底线还是有的。听到首相团队准备动摇无核三原则，虽然政府提前打招呼说不可以报道，还是直接报道出来了。,,
https://x.com/wangzhian8848/status/2002595580988801396,2025-12-21T04:22:47.000Z,202,24,627,208K,客观说川普上任这一年挺努力的，效果也挺明显，在和中国对战中一败涂地，把美国也折腾的遍体鳞伤。,,
https://x.com/wangzhian8848/status/2002389236679684293,2025-12-20T14:42:51.000Z,100,5,258,132K,清德元年比较好。,@ZiXuan68227,玄清子
https://x.com/wangzhian8848/status/2002388962682552461,2025-12-20T14:41:45.000Z,22,5,106,103K,中华民国的法院靠谱.,@chengxiannew,乘现
https://x.com/wangzhian8848/status/2002381708042154354,2025-12-20T14:12:56.000Z,128,16,546,181K,"中国民国最近宪法宕机了，这套体系看起来挺美好，但是，在认同危机和政党撕裂下，已经演变成制度危机。看宪法法庭说，我们5个人开会，虽然没有到法定6人，但就差一个人，差不多。我不禁笑了起来。

哈哈，哈哈，哈哈，哈哈哈。",,
https://x.com/wangzhian8848/status/2002369286845968784,2025-12-20T13:23:34.000Z,141,14,230,150K,如果特朗普指导台湾和大陆谈判统一，赖清德会接受美国指导么？,,
https://x.com/wangzhian8848/status/2002188490575143017,2025-12-20T01:25:09.000Z,72,20,137,232K,局面访谈：《秦晖访谈录》上集—低人权是欺负劳工同时割老板韭菜｜局面专访20251219 https://youtu.be/E0MpsExDM4s?si=CXbjk3buHdM8wN6p… 来自 @YouTube,,
https://x.com/wangzhian8848/status/2002187560140017666,2025-12-20T01:21:27.000Z,46,2,122,160K,王局拍案的影响力这么大了？,@Gongsir119,八月十五殺共匪
https://x.com/wangzhian8848/status/2002165551574245459,2025-12-19T23:54:00.000Z,81,18,340,162K,最新消息，美国国土安全部已经放弃将关恒驱逐到乌干达的计划。我估计他们是看了王局拍案的节目。,@wangzhian8848,王局志安
https://x.com/wangzhian8848/status/2001964673277809121,2025-12-19T10:35:47.000Z,130,40,789,158K,上联：民主专政；下联：在野独裁。横批：一中各表,,
https://x.com/wangzhian8848/status/2001961492804223484,2025-12-19T10:23:09.000Z,179,10,345,102K,周末了，吃点好的。,,
https://x.com/wangzhian8848/status/2001915215710183700,2025-12-19T07:19:15.000Z,250,27,546,248K,工人的日子如果过得比资本家还舒服，那这个社会就完蛋了，最后一定是重新走回贫困。我看欧洲就差不多了。,,
https://x.com/wangzhian8848/status/2001913668246929724,2025-12-19T07:13:06.000Z,161,11,330,126K,"“都在说不卷，我无法想象，周六周日点不了外卖，外面到处都不营业，请不到钟点工的慌乱感，我们自己只是希望自己的岗位不卷，但是又享受着别人岗位卷带来的便利”。

每个月我有三十天都不想上班，还想过上水清沙白，海风耶耶的生活。最好不干活也给我特朗普的工资。

这就是人性！",,
https://x.com/wangzhian8848/status/2001834287528870261,2025-12-19T01:57:41.000Z,79,22,202,156K,预告：《秦晖访谈录》上集—低人权是欺负劳工同时割老板韭菜｜局面专访预告20251219 https://youtu.be/kHlgmD6j9j0?si=Vq60iUDLDHl0wsqb… 来自 @YouTube,,
https://x.com/wangzhian8848/status/2001801854204940545,2025-12-18T23:48:48.000Z,548,26,351,347K,你认为哪个人治国理政水平更高？,,
https://x.com/wangzhian8848/status/2001800569456071110,2025-12-18T23:43:42.000Z,25,10,70,92K,好消息！,@Charleshvgo,虞超
https://x.com/wangzhian8848/status/2001628062434439182,2025-12-18T12:18:13.000Z,34,8,69,138K,今晚话题：拼多多硬刚市监局，中国大厂为何敢和官员打群架？｜肢体冲突｜高管天团｜官员下海｜王局拍案 20251218 https://youtu.be/v8wHxhPeeHc?si=IbRLFb288Dq9Qq7V… 来自 @YouTube,,
https://x.com/wangzhian8848/status/2001616602777948538,2025-12-18T11:32:40.000Z,746,97,1.3K,548K,"中国游客和台湾游客在羽田机场发生冲突，警察来后台湾人用日语介绍情况，中国游客大喊，说人话，不要说狗语。

这种中国游客，我们日本不欢迎。",,
https://x.com/wangzhian8848/status/2001587129445687575,2025-12-18T09:35:34.000Z,252,2,105,199K,最近有啥新闻值得聊聊？,,
https://x.com/wangzhian8848/status/2001263119587533186,2025-12-17T12:08:04.000Z,114,12,119,414K,今晚话题：拍摄新疆集中营的关恒，美国ICE要将他驱逐到乌干达 ｜政治避难｜走线｜偷渡｜BUZZFEED｜王局拍案 20251217 https://youtu.be/xxmvjcRghko?si=jerKR50uJvvNBLI7… 来自 @YouTube,,
https://x.com/wangzhian8848/status/2001183456160878821,2025-12-17T06:51:30.000Z,132,2,148,127K,日本明年米价会暴跌，今年库存大大增加。,,
https://x.com/wangzhian8848/status/2001165304110739729,2025-12-17T05:39:23.000Z,127,11,294,172K,好消息，中共给外卖骑手办大学了。,,
https://x.com/wangzhian8848/status/2000834995846607141,2025-12-16T07:46:51.000Z,76,7,183,138K,去别的国家叫旅游，去俄罗斯叫探险。,@wangjupaian,王局拍案
https://x.com/wangzhian8848/status/2000832798740111804,2025-12-16T07:38:07.000Z,96,7,164,188K,欧洲再不改革，有重新沦为发展中国家的可能。,@mranti,Michael Anti
https://x.com/wangzhian8848/status/2000832232119001570,2025-12-16T07:35:52.000Z,33,2,111,113K,高虹安案翻盘，一审贪污罪被取消，只剩下伪造文书罪6个月，并可易科罚金，不用坐牢了。,,
https://x.com/wangzhian8848/status/2000578503478247571,2025-12-15T14:47:38.000Z,113,5,187,226K,赖清德要是在抖音开直播，一天能斗内上千万。没准他都能立马变成统一派。,@wangjupaian,王局拍案
https://x.com/wangzhian8848/status/2000559412805882369,2025-12-15T13:31:47.000Z,618,36,254,327K,为啥拉眼角装丹凤眼算歧视？我有点没跟上节奏。比如我说德国老雷吃饭，比划一个大鼻子，算歧视么？,,
https://x.com/wangzhian8848/status/2000554318035112043,2025-12-15T13:11:32.000Z,49,2,82,215K,那個芬蘭小姐是咋回事兒？,,
https://x.com/wangzhian8848/status/2000546325579059407,2025-12-15T12:39:47.000Z,20,3,66,118K,今晚話題：农民买俄院士骗进江苏科大，为何要靠学生打假揭穿？｜首席科学家｜俄罗斯工程院院士｜郭伟｜耿同学讲故事｜王局拍案 20251204 https://youtu.be/18zEv9kQ0nU?si=SUwGpgXIDIw8ZEVU… 来自 @YouTube,,
https://x.com/wangzhian8848/status/2000523907036479634,2025-12-15T11:10:42.000Z,112,4,155,165K,东北人确实爱吹牛，这不算歧视吧。,@liuxingyuhuaguo,feng
https://x.com/wangzhian8848/status/2000522363822358757,2025-12-15T11:04:34.000Z,132,5,146,155K,在我们东京人看来，大阪不算日本。,@VMVeronica1916,VeronicaMao
https://x.com/wangzhian8848/status/2000521772027040064,2025-12-15T11:02:13.000Z,20,2,49,114K,王书金当年在案发地打工，警方搜查周边时去过他们工地，后来尸体被发现，地点距离他打工地几百米。当时尸体是被群众发现的，现场很多人围观。至于细节，王书金的供词里大量对不上。,@HD1039,盛则圣君名相，衰则匹夫有责
https://x.com/wangzhian8848/status/2000494975486759075,2025-12-15T09:15:44.000Z,65,2,95,103K,没有就没有，这一看就是好事儿啊。,@rijingzhongwen,日經中文網
https://x.com/wangzhian8848/status/2000492983087734981,2025-12-15T09:07:49.000Z,50,4,47,160K,聂树斌案我的观点是原审没什么问题，王书金只是为了多活几天冒凶。,@xiojn1848,小津
https://x.com/wangzhian8848/status/2000492648994689493,2025-12-15T09:06:29.000Z,39,3,141,105K,清算是应该的，但扣帽子说什么反革命罪，颠覆政府罪，就比较搞笑了。,@wk5695,wk5695
https://x.com/wangzhian8848/status/2000485646864200141,2025-12-15T08:38:40.000Z,152,44,1K,410K,"这两天看王洪文的资料，看了档案审判四人帮的庭审资料，感觉就像个笑话。那些罪名根本就是罗织的，虽然名义上是审判，实际上是胜利者对失败者的嘲讽和批斗会。其实，徐勤先的庭审资料，就算没有当时的背景，拿到现在看，也都是笑话。

这就是历史吧。",,
https://x.com/wangzhian8848/status/2000447058021621888,2025-12-15T06:05:19.000Z,51,2,110,99K,视频我都认真看了，也值得做，但这个做起来比较费功夫，还没抽出时间。,@ZuoHan95703,左寒
https://x.com/wangzhian8848/status/2000443749319729349,2025-12-15T05:52:10.000Z,105,5,185,91K,新华社快讯：香港特区高等法院15日上午裁决，黎智英两项串谋勾结外国势力罪及一项串谋发布煽动刊物罪成立。,,
https://x.com/wangzhian8848/status/2000400070974538218,2025-12-15T02:58:37.000Z,66,17,227,76K,中国自驾博主在俄罗斯反复被警察勒索。,,
https://x.com/wangzhian8848/status/2000387279412682996,2025-12-15T02:07:47.000Z,267,5,125,197K,最近有啥新闻值得聊聊？,,
https://x.com/wangzhian8848/status/2000368713548407130,2025-12-15T00:54:01.000Z,603,23,587,239K,不吹不黑，日本居民区的垃圾，感觉比国内很多小区外卖摆的都整齐。,,
https://x.com/wangzhian8848/status/2000367160934473945,2025-12-15T00:47:50.000Z,558,23,704,316K,我们日本的街道平时也没见人打扫，但是早晨走过，感觉就和洗过一样。,,
https://x.com/wangzhian8848/status/2000359973424136532,2025-12-15T00:19:17.000Z,44,3,66,81K,三等公民，不可以。,@leej81888,Johnson
https://x.com/wangzhian8848/status/2000108100414836746,2025-12-14T07:38:26.000Z,64,3,124,78K,2025年的日本，可以归结为，熊来米贵。,,
https://x.com/wangzhian8848/status/2000048113332162989,2025-12-14T03:40:03.000Z,225,20,346,178K,陆配是二等公民，做面给台湾人吃可以，参政不行，表达不满就滚回中国。,@shangguanluan,上官亂
https://x.com/wangzhian8848/status/2000046934086799652,2025-12-14T03:35:22.000Z,136,9,226,115K,我在节目里念错字的水平，已经和北大校长差不多了。好在现在不在央视，也不用被罚款了。各位听到我在念错字，就当在读北大就好了，要有那种赚的的感觉。,,
https://x.com/wangzhian8848/status/2000039092952981991,2025-12-14T03:04:13.000Z,199,11,486,394K,说一件日本银行可笑的事情，我们公司的银行卡绑定各种订阅，其中有一笔钱，每个月10美金左右，我们无论怎么查找，都找不到订阅的什么东西，已经有一年多了。钱虽然不多，但是我们没理由这么做。,,
https://x.com/wangzhian8848/status/2000016175477199130,2025-12-14T01:33:09.000Z,151,24,391,162K,我们日本当年靠终身雇用熬过了经济寒冬，但在新科技浪潮下，这一次够呛了。新科技浪潮的特点是大量职业会消亡，而不是优化。日本主体社会非常抗拒劳动力自由流动，在科技浪潮的推动下，就会反应十分迟钝。,,
https://x.com/wangzhian8848/status/2000014064127512668,2025-12-14T01:24:46.000Z,64,9,314,170K,"谷歌翻译早就该升级了，翻译质量一直不如一些小众翻译软件。听说这次升级的程度挺高的，耳机可以实时翻译。有用过的来说说效果。

好的话我准备和它来学日语。

话说未来三年，可能有一大批职业要失业，是那种整个职业都不再有人需要的那种失业，很多人可能还没意识到。",,
https://x.com/wangzhian8848/status/2000012377044234352,2025-12-14T01:18:03.000Z,265,35,532,479K,"美元兑换人民币，将很快跌入6区间，未来不排除会跌到6附近。从人民币购买力来看，人民币确实低估了，低估我看都不止百分之三十。随着中国外贸顺差进一步加大，适当升值的压力也没那么大了。

日元兑换人民币，大概率会跌到4附近。",,
https://x.com/wangzhian8848/status/1999697896942530855,2025-12-13T04:28:25.000Z,184,6,255,111K,周末了，吃点儿好的。,,
https://x.com/wangzhian8848/status/1999680369915052243,2025-12-13T03:18:47.000Z,252,8,315,287K,老毛比这个多，估计上千。,@_Dr_Bi_,Chandler
https://x.com/wangzhian8848/status/1999646620829516109,2025-12-13T01:04:40.000Z,367,46,860,339K,老毛算是一代枭雄，如果放到秦汉时期，大约就是刘邦。放到清朝，就是洪秀全。他大约是刘邦和洪秀全的混合体。说他像刘邦，这人能力确实可以，而是做事儿没底线，什么流氓事情都能做，而是能屈能伸。说他是洪秀全，是因为刘邦得了天下后，很快尊崇儒学，复归传统，但洪秀全要砸烂孔家店，扫除一切传统，,,
https://x.com/wangzhian8848/status/1999639306479235273,2025-12-13T00:35:36.000Z,150,13,180,182K,会不会是故意的，川普明年要访华，送给习近平一些礼物？,@UHRP_Chinese,维吾尔人权项目
https://x.com/wangzhian8848/status/1999441054811193658,2025-12-12T11:27:49.000Z,289,10,387,217K,我们日本又地震了，房子差点儿倒了。,,
https://x.com/wangzhian8848/status/1999356116418068781,2025-12-12T05:50:19.000Z,50,4,119,186K,《我在日本接待薄熙来》—红色领导人背后的故事｜王局播客预告片 https://youtu.be/evCfNREj5vs?si=nomlwZadvP9l_TF6… 来自 @YouTube,,
https://x.com/wangzhian8848/status/1999349890665840669,2025-12-12T05:25:34.000Z,91,8,104,161K,昨晚节目：网民魔幻解读中国历史？皇汉史观为何沉渣泛起？｜吃瓜蒙主｜红楼梦｜五族共和｜王局拍案 20251211 https://youtu.be/82S1YjfqpS8?si=35LE3xMawK8FeOIp… 来自 @YouTube,,
https://x.com/wangzhian8848/status/1999318698004505021,2025-12-12T03:21:37.000Z,83,8,273,122K,网友们的创造力可以的。,,
https://x.com/wangzhian8848/status/1999122275862552874,2025-12-11T14:21:07.000Z,193,10,475,323K,今晚节目遭到暴击,,
https://x.com/wangzhian8848/status/1999281254769066034,2025-12-12T00:52:50.000Z,108,4,341,237K,对一个事实出现恶心反应，大概率是怀孕了。这一看就是好事儿啊。 https://x.com/oNWjw6rKBt7LN6/oNWjw6rKBt7LN6H/status/1999280633215090979…,,
https://x.com/wangzhian8848/status/1999278192050471002,2025-12-12T00:40:40.000Z,198,7,231,175K,台湾看起来安全了，来自我们日本媒体的报道。,,
https://x.com/wangzhian8848/status/1999132582521311445,2025-12-11T15:02:04.000Z,31,2,109,119K,七刀对老方负担有点重了，不可能。,@Thomaskong96638,Thomas
https://x.com/wangzhian8848/status/1999128083635552261,2025-12-11T14:44:11.000Z,197,6,530,216K,老方被时代抛弃，而且再无可能翻身的绝望感，令我深深同情。搞得我都想给他捐点钱，买点米诺蒂尔了。,,
https://x.com/wangzhian8848/status/1999034037902721259,2025-12-11T08:30:29.000Z,91,15,307,127K,台湾一家媒体稿件，不小心没有删除AI后面的提示语。,,
https://x.com/wangzhian8848/status/1999024331339268290,2025-12-11T07:51:55.000Z,166,11,380,209K,感觉川普也忽悠了高市早苗，当时电话里说，我和日本的关系很铁啊，有什么事阿姐你直接给我打电话，随时联系。但现在中美关系在改善，中日关系恶化，高市有点不知道怎么处理，一直想在川普访华之前去见一下川普，说哪怕川普访问亚洲时，她插空见一下都可以。这说明高市想和川普通电话并不那么容易。如果,,
https://x.com/wangzhian8848/status/1999017370829074772,2025-12-11T07:24:15.000Z,146,15,443,188K,美国其实可以搞一个西部大开发计划。就是卖护照的同时，必须在偏远的州住够多少年，比如阿拉斯加，30万美元一个绿卡，底特律，50万美元，纽约州，100万美元。这样就兼顾了卖护照和地域发展的平衡问题。,,
https://x.com/wangzhian8848/status/1999015911605547068,2025-12-11T07:18:27.000Z,76,13,317,189K,特朗普开始卖签证了，一百万美金一个，如果降价到五十万美金，将会对加勒比岛国那几个卖护照的国家，形成强烈冲击。,,
https://x.com/wangzhian8848/status/1999005623963496669,2025-12-11T06:37:35.000Z,57,2,152,171K,李主佛会不会给你发功？,@Charleshvgo,虞超
https://x.com/wangzhian8848/status/1999002542454571119,2025-12-11T06:25:20.000Z,120,10,312,216K,范曾超越了杨振宁，八十四岁得子。,,
https://x.com/wangzhian8848/status/1998922031761621202,2025-12-11T01:05:25.000Z,120,4,260,218K,以后没请示之前不要随便放炮，把我们日本带到火坑里，责任可就大了。,@rijingzhongwen,日經中文網
https://x.com/wangzhian8848/status/1998915845477773428,2025-12-11T00:40:50.000Z,137,8,357,142K,英伟达卖中国芯片的事情，好坏先不说，至少说明川普的政策缺乏连续性和稳定性。,,
https://x.com/wangzhian8848/status/1998730691517808773,2025-12-10T12:25:06.000Z,46,6,79,125K,今晚话题：特朗普国安战略出炉，如何定位中国和台湾？｜门罗主义｜赖清德｜第一岛链｜新冷战｜大国竞争｜王局拍案 20251210 https://youtu.be/D9XQGj3pWdo?si=0nvDA4OXKy7MmuOB… 来自 @YouTube,,
https://x.com/wangzhian8848/status/1998672997272662187,2025-12-10T08:35:50.000Z,298,50,466,153K,柏阳写过一本《中国人史纲》，这本书里开篇就讲中国的历史舞台，西起昆仑，东到外兴安岭，北到葱岭南到台湾，这就是几千年来中国人的舞台，凡是在这个舞台上的人物，都是中国人。中国人不等于汉人，更不等同于血统意义上的汉人。而是这个共同舞台上所有参与者的统称。,,
https://x.com/wangzhian8848/status/1998663625402364244,2025-12-10T07:58:36.000Z,46,5,85,139K,实际统治者是慈禧，那几个皇帝就是傀儡，不重要。,@Smallloach755,Smallloach
https://x.com/wangzhian8848/status/1998644543219183750,2025-12-10T06:42:46.000Z,284,23,277,164K,"明朝的血统也不完全是汉人，朱棣的母亲有种说法是蒙古妃子，另一种说法是朝鲜妃子，总之不是汉人，他是个混血，要么和蒙古混，要么和朝鲜混。充其量只能算半个汉人。

还有很多人奉为民族英雄的郑成功，母亲是日本人，郑氏在日本还有后代呢。民国时期好像还做了外交官来到中国。",,
https://x.com/wangzhian8848/status/1998636942683197671,2025-12-10T06:12:34.000Z,111,5,82,114K,您在油管过去一年最常看的频道是：,,
https://x.com/wangzhian8848/status/1998636360828334515,2025-12-10T06:10:15.000Z,400,33,355,166K,"换了汉人就可以更好，这是孙中山当年闹革命喊的口号，但这都是骗人的。民国成立，虽然叫五族共和，但其实是汉人重新掌权，可怎么样呢？

文一点说叫一团烂污。

粗一点说，叫好个屁。

还不如晚清，远远不如。",,
https://x.com/wangzhian8848/status/1998633615773806776,2025-12-10T05:59:21.000Z,168,20,548,268K,翻墙不看王志安，纵上油管也枉然。,@wangjupaian,王局拍案
https://x.com/wangzhian8848/status/1998578780248703164,2025-12-10T02:21:27.000Z,210,23,226,201K,明朝内阁大学士在朝廷上直接被杖毙，更牛掰。,@ailisusu,hihihaha
https://x.com/wangzhian8848/status/1998578189338292372,2025-12-10T02:19:06.000Z,144,24,288,199K,顾炎武当年也搞过反清复明，但晚年他自己给自己找了一个出路，亡国和亡天下，实际上承认了明亡只是亡国，不是亡天下。太平天国起义后，以汉族叙事号令天下，但汉族知识分子没人响应，曾国藩曾经说过一句话：举中国数千年礼义人伦诗书典则，一旦扫地落尽，意思就是你们这些长毛虽然是汉族，但干的不是人,@wangzhian8848,王局志安
https://x.com/wangzhian8848/status/1998575788313162069,2025-12-10T02:09:34.000Z,77,6,133,89K,封建王朝开疆立业的时候，不屠杀的少。话说明朝还搞春秋时期的殉葬制度，无比凶残，由此上推一千年都没有，只是杀的都是女人，就没人觉得可怜。,@Speechlesser,浮芥寄沧溟
https://x.com/wangzhian8848/status/1998574270398738833,2025-12-10T02:03:32.000Z,265,17,231,155K,说到少数民族统治中原，大唐帝国就是啊，李世民家出身陇西贵族，至少四分之三鲜卑血统，极可能没有汉族基因。怎么不去讨伐了？,@wangzhian8848,王局志安
https://x.com/wangzhian8848/status/1998573567664169098,2025-12-10T02:00:44.000Z,162,21,296,148K,明朝闭关锁国就很厉害，汉族人杀汉族人一点不含糊，汉族这个概念都是近代才有的，老朱家可不这么认为，瞎套近乎满门抄斩。,@lizhininichonga,。
https://x.com/wangzhian8848/status/1998572817206620425,2025-12-10T01:57:45.000Z,314,20,408,349K,你先去北大拿个历史学硕士，再来和我说这句话。,@samjor0001,guopan01
https://x.com/wangzhian8848/status/1998570797007613963,2025-12-10T01:49:44.000Z,1K,154,1.5K,940K,又有人瞎解读清朝历史，还有什么红楼梦。我可以说，如果按照中国封建社会的历史逻辑，清朝是中国历朝历代王朝中差不多最出色的之一，可以排进前三。可以与之对比的，大概只有秦帝国，大汉和盛唐。,,
https://x.com/wangzhian8848/status/1998365772171952580,2025-12-09T12:15:02.000Z,57,6,91,149K,今晚话题：台湾封禁小红书，两岸网友同翻墙？｜防火墙｜VPN｜两岸一家亲｜tiktok难民｜言论自由｜统战｜王局拍案 20251209 https://youtu.be/JSJOES-s0XE?si=yxcuEpx-2kxGf4Nu… 来自 @YouTube,,
https://x.com/wangzhian8848/status/1998352713134772483,2025-12-09T11:23:09.000Z,257,27,608,421K,"中国前是一个月贸易顺差1万亿美金，这是人类历史上单一经济体创造的最高顺差记录。贸易战没有导致中国出口下降，贸易顺差降低，相反，中国出口顺差的数据还在创新高。

贸易战关税战就好比股市里的各种鬼故事，会造成短期波动，但不会改变长期趋势。",,
https://x.com/wangzhian8848/status/1998195842105376839,2025-12-09T00:59:48.000Z,468,11,629,341K,昨晚地震，房子晃了足有一分钟。这一分钟里我在想，可能还是新西兰好一点。,,
https://x.com/wangzhian8848/status/1998171259801387032,2025-12-08T23:22:07.000Z,158,14,250,229K,"英伟达又不是国企，为啥卖给中国的部分，给美国政府交25%，关税么？

“我已通知中国的习近平主席，美国将允许 NVIDIA（英伟达）向中国及其他国家的获批客户出口其 H200 产品，但前提是 确保美国国家安全保持强劲。习近平主席对此作出了积极回应！
另外，25% 的费用将支付给美国。",,
https://x.com/wangzhian8848/status/1998046221546688706,2025-12-08T15:05:15.000Z,87,3,172,176K,新たな地震が私たちの日本を襲った。,@bergebulk42360,bergebulk
https://x.com/wangzhian8848/status/1998042793034612805,2025-12-08T14:51:38.000Z,340,11,350,183K,我们日本又地震了。,,
https://x.com/wangzhian8848/status/1998008482117959790,2025-12-08T12:35:17.000Z,85,18,234,217K,今晚话题：解毒“《芳华》解读” ｜冯小刚｜聊会电影吧｜王洪文｜黄轩｜严歌苓｜文革｜王局拍案 20251208 https://youtu.be/ymSN-AiPbII?si=Sm9aCDH3AizhmaEi… 来自 @YouTube,,
https://x.com/wangzhian8848/status/1997956727963263444,2025-12-08T09:09:38.000Z,76,6,138,328K,肉唐僧到了日本，重操旧业养鸡种菜，同时也开了油管频道，欢迎各位关注一下：肉唐僧 https://youtube.com/@routangseng?si=3Sgrqpz7ECK-ppvQ… 来自 @YouTube,,
https://x.com/wangzhian8848/status/1997906483636507121,2025-12-08T05:49:59.000Z,737,111,2.6K,436K,"毛泽东，斯大林，希特勒，是20世界人类历史上的三大暴君。小一号的还有波尔布特，金日成，萨达姆。

人类如此健忘，今天的德国依然有人怀念希特勒，俄罗斯依然有人敬仰斯大林，而中国有更多的人，还在把老毛当作伟人。",,
https://x.com/wangzhian8848/status/1997905365208650200,2025-12-08T05:45:33.000Z,36,36,287,199K,这也没啥啊，都快赶上开会了。,@wangjupaian,王局拍案
https://x.com/wangzhian8848/status/1997698930826735737,2025-12-07T16:05:15.000Z,239,72,1.1K,234K,乌合之众最可悲的是，他们总是虚构一个救世主，这样才会麻痹自己，哪怕这个救世主视他们如草芥。就好比羊突然做梦狼来当它们的救星，因为狼的本领大，可以抵御野狗，狐狸，它们做的梦如此美好，渐渐忘了狼是以它们的身体为食的。,,
https://x.com/wangzhian8848/status/1997697566839054533,2025-12-07T15:59:50.000Z,221,24,992,287K,一个残暴的封建帝王，一个说打世界大战扔原子弹中国死四亿人无所谓，一个制造大饥馑死亡三千万然后说成绩是九个指头，问题是一个指头的统治者，你说的七分功都是这些么？,@MFKR1988,昏昏的活着
https://x.com/wangzhian8848/status/1997658603327779198,2025-12-07T13:25:00.000Z,366,76,921,393K,老毛的情人之一陈慧敏回忆说，她常在毛面前赤裸裸地看书，以请教问题靠近毛，才十八岁的她，以舞蹈演员的裸体示人，七十岁的毛怎能招架得住？她说，毛的性意识特强，第一次强暴她时，将她的衣衫撕烂，让她“一下子完全崩溃了”，经过多次强暴，他们终于成了忘年之交！她说毛的肤色光滑红润，可爱极了。,,
https://x.com/wangzhian8848/status/1997656215799624123,2025-12-07T13:15:31.000Z,100,6,304,174K,人民万岁，正义必胜！,,
https://x.com/wangzhian8848/status/1997649994866680233,2025-12-07T12:50:47.000Z,139,16,680,472K,老毛去世之前的一年左右时间，卧室里只有两个人可以进，一个是张玉凤，一个是孟锦云。这俩人每隔四小时值班，不分昼夜，出了卧室，为了能睡觉，都服用安眠药，当年安眠药基本属于特供药物，从老毛到江青林彪都用，老毛的生活秘书也享有使用的特权。去看书吧，孩子。别整天用脚趾头思考。,@lannie35516,Lannie Orndorf
https://x.com/wangzhian8848/status/1997645248017707409,2025-12-07T12:31:56.000Z,34,2,162,152K,都有明确的出处，晚年的段落可以看孟锦云的回忆录。,@winter35049208,winter
https://x.com/wangzhian8848/status/1997644375258730811,2025-12-07T12:28:28.000Z,399,82,1.5K,493K,"老毛从来都认为自己是皇帝，而不是底层人民的代表。当年胡志明找他说，越南的土改高的过火了，他想在全党做自我批评。老毛对他讲，你记住，皇上是不能犯错的，不要下罪己诏。

这就是老毛而自己，也是给胡志明的定位。",,
https://x.com/wangzhian8848/status/1997642631090946480,2025-12-07T12:21:32.000Z,143,37,639,153K,何小萍们可能没有意识到，一个社会秩序被砸烂后，最倒霉的，永远是社会底层，虽然砸碎秩序的名义，或许是以底层革命为旗帜。文革中虽然中共有些高低干部倒霉，但社会底层其实更完蛋。比如随意打砸抢，开个会喊个口号就把人枪毙了，比如武斗中随笔被打死的，其实都是普通人，都是何小萍们。或许有少数底,,
https://x.com/wangzhian8848/status/1997640360122568716,2025-12-07T12:12:30.000Z,107,17,339,118K,无产者并不代表无产者的利益，无产者一旦掌握了权力，基本就是新的皇帝，如李自成，刘邦，洪秀全，甚至比过去的皇帝还要坏。,@sweetie_rt,SweetieRT
https://x.com/wangzhian8848/status/1997611385904378145,2025-12-07T10:17:22.000Z,83,4,199,161K,大权旁落，老毛自己一直这么认为的。,@zhugangliet,zhuganglie
https://x.com/wangzhian8848/status/1997610888510202156,2025-12-07T10:15:24.000Z,92,9,327,92K,为政者要体现无产者的利益，但绝不能让真正的无产者去施政。,,
https://x.com/wangzhian8848/status/1997558750463533312,2025-12-07T06:48:13.000Z,176,7,214,154K,我觉得华为，比亚迪，阿里，堪称伟大的公司。拼多多，美团堪称比较伟大的公司。,,
https://x.com/wangzhian8848/status/1997556302445506846,2025-12-07T06:38:29.000Z,319,16,476,201K,我们日本人是真不爱存钱，看国会议员年收入两千万，还有各种补助差不多两千万，内阁大臣三千万，总理大臣4000万，但一看他们资产，都穷的叮当响。高市早苗个人资产才一百多万人民币，家里连个好的传真机都没有，真不会过日子。话说我们日本选上这么个不会过的人当首相，我们国运是要完。,,
https://x.com/wangzhian8848/status/1997554448965751046,2025-12-07T06:31:08.000Z,65,9,138,196K,川普亲自部署为灭共指明了方向，中共政权垮台指日可待。,@Longwood7777777,Longwood（大根）
https://x.com/wangzhian8848/status/1997534981909057722,2025-12-07T05:13:46.000Z,48,2,164,99K,历史上年轻人都是当炮灰，只有幸存活下来的变老了，才可能去书写历史。,@shuaixinxina,大龄儿童
https://x.com/wangzhian8848/status/1997534649418186881,2025-12-07T05:12:27.000Z,114,18,267,138K,12月中国要发射长征12号甲火箭，再次冲击火箭回收技术。中国目前有好几个团队在冲击火箭回收，有国家队也有民营企业，从目前看，他们都直接采取了液氧甲烷燃料，和星舰完全一样，就连外壳也都直接上了不锈钢。不出意外的话，一两年之内，中国将有不止一家团队，彻底攻克火箭回收技术。,,
https://x.com/wangzhian8848/status/1997529913407258828,2025-12-07T04:53:38.000Z,140,28,1.3K,476K,看完芳华的解读，我的观后感是：蠢人的绞尽脑汁，遇到历史上的坏人灵机一动。,,
https://x.com/wangzhian8848/status/1997526942170665038,2025-12-07T04:41:49.000Z,93,33,386,161K,农民式的短视比较典型的是李自成，都打进北京城了，都要做皇上了，他和手下的那群穷哥们儿，还一个个像个劫匪，把明朝的官员挨个绑起来索要银两。江山都是你的，你还怕没钱么？,,
https://x.com/wangzhian8848/status/1997522337437209001,2025-12-07T04:23:32.000Z,85,7,371,159K,老毛的乌托邦，不是反官僚，反不平等，反剥削反压迫，反对体制，而是反智。理解了这一点，何小萍们才会觉醒。,@wangzhian8848,王局志安
https://x.com/wangzhian8848/status/1997521188424122568,2025-12-07T04:18:58.000Z,140,43,785,380K,老毛搞文革，除了权力斗争的因素之外，其乌托邦式的共产主义思维，也是很重要的背景。老毛发现自己带出来的革命战友，都成了官僚资本主义的路人（他自己穷奢极欲，过着古代帝王一般的生活，但不包括在内），工农兵事实上并无法分享权力，于是，他搞所谓的大鸣大放，砸烂公检法，砸烂基层组织，组建革命,,
https://x.com/wangzhian8848/status/1997516578515300578,2025-12-07T04:00:39.000Z,71,17,409,192K,文春周刊爆料说，特朗普给高市早苗打电话口气非常严厉，甚至说出了不要参合台湾的事情的话。今晚去家附近的书店，买一份文春，看看原文是咋写的。,,
https://x.com/wangzhian8848/status/1997515653708984796,2025-12-07T03:56:58.000Z,587,29,1.2K,261K,我感觉中文推特的用户，平均素质比YouTube低。x上感觉文盲，诈骗犯，神经病遍地，YouTube上多数都是正常人。当然，我这个也可能是偏见。,,
https://x.com/wangzhian8848/status/1997512393656803424,2025-12-07T03:44:01.000Z,28,3,81,80K,心累！,,
https://x.com/wangzhian8848/status/1996564980351860974,2025-12-04T12:59:20.000Z,58,13,134,260K,今晚话题：央视美团宣传片翻车， “何不看风景”就是“何不食肉糜” ！｜算法困境｜品牌强国｜郑佳｜逆行人生｜牛马｜王局拍案 20251204 https://youtu.be/TepmKvnzjIg?si=NRX3WzEhM4udnSq4… 来自 @YouTube,,
https://x.com/wangzhian8848/status/1997498164925092255,2025-12-07T02:47:28.000Z,27,3,73,68K,啥疫苗都是骗局，最好立法禁止一切疫苗接种。让美利坚再次伟大。,@ChineseWSJ,华尔街日报中文网
https://x.com/wangzhian8848/status/1997497570453828060,2025-12-07T02:45:07.000Z,53,2,41,48K,各位觉得在美国新安全战略报告指引下，台湾是更安全了，还是更危险了？,,
https://x.com/wangzhian8848/status/1997493889184452859,2025-12-07T02:30:29.000Z,220,16,692,241K,一直以为自己日语有点基础了，昨天炸着胆子去电影院看了一场日语版的《疯狂动物城》2，结果遭到暴击。全场只听懂了一句台词，山猫对狐狸说：あきらめろ！,,
https://x.com/wangzhian8848/status/1997207127505752543,2025-12-06T07:31:00.000Z,770,36,870,650K,电影演完，片尾字幕加音乐，中国影院一般就都亮灯，大家就散场了，但我们日本人，全都老老实实坐在椅子上看字幕，足足十分钟。我也是醉了。,,
https://x.com/wangzhian8848/status/1997154174824575352,2025-12-06T04:00:35.000Z,119,3,220,91K,周末了，吃点儿好的。,,
https://x.com/wangzhian8848/status/1997099080275972168,2025-12-06T00:21:39.000Z,61,6,157,139K,瞧，这里又出现了“不遵守规则的外国人”。那些爱国者们怎么不言语了？,@AtaruSasaki,佐々木 中 ｜『万人のための哲学入門──この死を謳歌する』(草思社)発売中
https://x.com/wangzhian8848/status/1996957594498322495,2025-12-05T14:59:26.000Z,370,67,1.9K,984K,看来我得下场做期节目了，这个《芳华》解说在今天被B站下架了。,,
https://x.com/wangzhian8848/status/1996946699064062226,2025-12-05T14:16:09.000Z,83,11,148,179K,是，而且是全球第三家，第二个国家拥有火箭回收技术。从目前看，朱雀三号高度模仿猎鹰九号，燃料，外壳材料全都一模一样。如果中国打通火箭回收技术，那全球范围内太空开发将会指数级别增长。,@MrSchra40988,王芳 66|T
https://x.com/wangzhian8848/status/1996944259770187905,2025-12-05T14:06:27.000Z,31,4,67,143K,中国版的猎鹰九号距离成功，只差最后一步。https://youtube.com/watch?v=dtx82R5YeNY…,,
https://x.com/wangzhian8848/status/1996939163061653995,2025-12-05T13:46:12.000Z,173,20,896,492K,马克龙这次面子大了，习近平夫妇亲自陪同去成都。普京都没这个待遇。看起来中共是准备拉拢腐蚀法兰西了。,,
https://x.com/wangzhian8848/status/1996917676871242223,2025-12-05T12:20:49.000Z,272,40,962,267K,"高市早苗最近一点时间的政策可以概括为，既然惹不起中共，我还是收拾得了在日本的中国人的。

这一点日台逻辑都差不多，台湾是，既然我惹不起中共，不好意思我就只能收拾陆配了。",,
https://x.com/wangzhian8848/status/1996906428490285125,2025-12-05T11:36:07.000Z,91,2,187,78K,周末，吃点儿好的。,,
https://x.com/wangzhian8848/status/1996895305120600550,2025-12-05T10:51:55.000Z,25,4,87,91K,方舟子只会诈骗公益捐款往自己怀里搂钱，你问他一辈子捐款超过一千日元吗？,@huaibi8848,一群坏逼
https://x.com/wangzhian8848/status/1996894449629331640,2025-12-05T10:48:31.000Z,44,3,134,98K,没啥关系，既然都是臭鸡蛋，也就是没啥正义非正义，道义非道义，双方就比谁拳头硬呗。我压注台湾暴揍中共，一举荡平朱日和，占领海参崴。,@ziyang46,wong
https://x.com/wangzhian8848/status/1996877363179856155,2025-12-05T09:40:38.000Z,236,10,663,238K,我们每年都会选一个项目捐款一百万日元。但我没有义务证明给你。如果我亮出捐款证明你就同步捐款一百万，我可以考虑。如果你没钱，或者您有钱也不愿捐款的话，我觉得你可以滚了。,@shuaixinxina,大龄儿童
https://x.com/wangzhian8848/status/1996876682565943309,2025-12-05T09:37:55.000Z,70,12,233,116K,"推特也是不配合的。当年有人在推特上有中国人威胁要杀我，对方也住在日本，我立即报警，警察说无法找推特要具体的资料和信息。因为推特不会配合日本警方的工作。除非法院判决。问题是，如果你连推特资料都没有，又怎么起诉呢？

话说我也没见到日本政府封杀推特。",@xyzhang1988,支青张爱国
https://x.com/wangzhian8848/status/1996875182452142566,2025-12-05T09:31:58.000Z,142,22,367,155K,"据说日本想把入籍的时间提高到十年，理由是获得永驻的时间是十年，而入籍时间仅仅是五年，入籍的标准低于永驻，不合理。

真是这样么？这又是右翼政客混淆是非的障眼法。",,
https://x.com/wangzhian8848/status/1996871556082065419,2025-12-05T09:17:33.000Z,161,27,469,172K,批评台湾封禁小红书，不代表认为中共封禁谷歌做的就对，大陆就有言论自由。同样，来自中国大陆的人，虽然在一个没有言论自由的环境，同样依然有权利批评台湾封禁小红书。如果维护台湾的逻辑是比烂，那我看维护台湾实质独立的正当性也就不复存在了。,@vivianwubeijing,Vivian Wu
https://x.com/wangzhian8848/status/1996858060829278676,2025-12-05T08:23:56.000Z,90,9,247,171K,话说这么多台湾人到东京都买房我也是没想到，我估计是很多有钱的台湾人预计到武统将至，提前把资产转移到我们日本了。,@wangzhian8848,王局志安
https://x.com/wangzhian8848/status/1996850536553886196,2025-12-05T07:54:02.000Z,173,58,765,341K,日本一些右翼政客说中国人把东京的房价炒高，结果媒体调查显示，2025年1-6月，东京都内外国人买房的当中，中国大陆只买了30套，台湾是192，香港15，转卖率只有1.5%。,,
https://x.com/wangzhian8848/status/1996820304027635918,2025-12-05T05:53:54.000Z,94,4,133,56K,日本蓝,,
https://x.com/wangzhian8848/status/1996582541583929457,2025-12-04T14:09:07.000Z,442,42,1K,1.2M,《芳华》为啥又火了？,,
https://x.com/wangzhian8848/status/1996405284437368876,2025-12-04T02:24:45.000Z,92,26,335,203K,悲痛，问罪！,@wangzhian8848,王局志安
https://x.com/wangzhian8848/status/1996376306741923873,2025-12-04T00:29:37.000Z,402,12,363,272K,我们日本并不想和台湾联手打仗，想把日本重新拉回到战争中，我们日本人民不答应。,@C_T_Chan,8dog6death
https://x.com/wangzhian8848/status/1996242656460976492,2025-12-03T15:38:32.000Z,130,21,474,265K,王局拍案节目播出后，驻港国安公署说，以灾乱港，虽远必诛。瑟瑟发抖中。,@wangzhian8848,王局志安
https://x.com/wangzhian8848/status/1996215673291464991,2025-12-03T13:51:19.000Z,53,10,252,282K,这是好事儿啊！,@wangjupaian,王局拍案
https://x.com/wangzhian8848/status/1996188989423018261,2025-12-03T12:05:17.000Z,48,7,95,728K,今晚话题：香港大火：从“人祸问责”到“以灾乱港”！｜李家超｜四大诉求｜独立调查｜关靖丰｜潘焯鸿｜宏业建筑｜香港内地化｜王局拍案 20251203 https://youtu.be/d4em2EMd-X0?si=FhcTdvCik2No4YMH… 来自 @YouTube,,
https://x.com/wangzhian8848/status/1995845391829586134,2025-12-02T13:19:57.000Z,85,10,170,224K,今晚话题：“哪位少爷吸了“：中国治安新规未落地，为何文旅官号集体冲塔？｜南通文旅｜违法记录封存｜个吸毒记录封存｜抖音｜辑毒｜《踏破星河入我梦》｜鸦片战争｜... https://youtu.be/qA_0CI0haMs?si=av5dZbJuXiZYyj62… 来自 @YouTube,,
https://x.com/wangzhian8848/status/1995747733748281466,2025-12-02T06:51:53.000Z,65,2,62,183K,今年年末直播的主题。,@tat68739518,魔鬼筋肉人
https://x.com/wangzhian8848/status/1995660520482111722,2025-12-02T01:05:20.000Z,80,4,200,337K,你记错了，张玉凤当时发的是微信，不是短信。 https://x.com/zhangfacai777//zhangfacai777/status/1995485773483901413…,,
https://x.com/wangzhian8848/status/1995658577684693217,2025-12-02T00:57:37.000Z,338,62,774,368K,我这几年思想有一个蛮大的变化，就是过去接受的经济学教育，认为这个世界在发展上会共赢，但我现在不这么认为了，或者说对这个结论做了许多限制性修订。,,
https://x.com/wangzhian8848/status/1995653756827164965,2025-12-02T00:38:27.000Z,96,24,330,221K,人很容易认为曾经拥有的，就是理所当然的，尤其时间足够长，比如一代人两代人获得的站位，但其实并不是。目前许多发达国家的中产，未来生活只会更差，不会更好。因为他们过的足够好，并非仅源于自己努力，更在于自己搭上了时代的电梯。,@wangzhian8848,王局志安
https://x.com/wangzhian8848/status/1995651943864336535,2025-12-02T00:31:15.000Z,134,32,484,477K,在未来，各国中产慢慢生活都差不多，就是基本够花，但也存不下什么钱，这是一种均值回归。,,
https://x.com/wangzhian8848/status/1995463015542530258,2025-12-01T12:00:31.000Z,114,12,130,187K,今晚话题：滨崎步等遭遇中国“不可抗力” ，野蛮外交能赢得「抗日」纷争么？｜大槻真希 ｜玉渊谭天｜战狼外交｜王局拍案 20251201 https://youtu.be/9rPAYfYs6YE?si=t_yQI2r2c-RrL4S2… 来自 @YouTube,,
https://x.com/wangzhian8848/status/1995310307003318691,2025-12-01T01:53:42.000Z,165,33,434,165K,滨崎步上海演出被取消，胡锡进都看不下去了。,,
https://x.com/wangzhian8848/status/1995306930961826262,2025-12-01T01:40:18.000Z,277,8,240,239K,我们日本幸福感比香港好，比新加坡业更好。毕竟亚洲之光。,@whitewindmiill,Windermere
https://x.com/wangzhian8848/status/1995297117062263164,2025-12-01T01:01:18.000Z,35,1,99,163K,现在自由也不多吧。,@musk_old_fan,Fan 埃隆·马斯克中文转推
https://x.com/wangzhian8848/status/1995296232131141688,2025-12-01T00:57:47.000Z,89,7,234,169K,过去香港新加坡比，还有自由。现在自由也被没收了，算是一点优势都没了。,@wangzhian8848,王局志安
https://x.com/wangzhian8848/status/1995294803446440060,2025-12-01T00:52:06.000Z,130,10,420,334K,香港的人均收入和新加坡比起来不算差，但幸福感似乎低不少。主要是因为住的太糟糕了。,,
https://x.com/wangzhian8848/status/1995137125734551770,2025-11-30T14:25:33.000Z,58,14,189,268K,癌症治疗方面真正突破性疗法，最早是日本公司首创的：PD1，但将这一技术普遍实施到各个癌症治疗的前沿，并不是日本公司。目前癌症治疗技术各种突破，从美国到中国，日本的技术并不显得突出了。 https://x.com/abc202402/stat/abc202402/status/1995130099885375872…,,
https://x.com/wangzhian8848/status/1994667198347186694,2025-11-29T07:18:13.000Z,768,43,894,505K,物价飞涨，一颗很小的西红柿十多块人民币。真心希望政客们认真搞搞经济，我们日本人民快受不了了。,,
https://x.com/wangzhian8848/status/1994641457463136394,2025-11-29T05:35:56.000Z,165,56,760,305K,这是那位奈良原田网红指责中国人又伤害鹿的原始视频，原田当时只用了照片，没有视频。但这份原始视频的第十二秒，可以清晰听到“快拍视频”的日语。现在看，这份视频不排除是有意造假摆拍，然后由原田栽赃中国人。感谢这位提供视频的日本人。,@kakimotogenki,柿本元気
https://x.com/wangzhian8848/status/1994618608358724022,2025-11-29T04:05:09.000Z,175,12,316,172K,高市早苗能否长期执政，核心还是国内经济。不过话说日本国内经济现在想重振，并不是那么容易的。,,
https://x.com/wangzhian8848/status/1994564282152071325,2025-11-29T00:29:16.000Z,84,10,166,142K,2028，yes，I DO！,,
https://x.com/wangzhian8848/status/1994385175439171904,2025-11-28T12:37:34.000Z,429,21,1K,670K,哪位知道香港有靠谱的捐款通道，计划给香港这次遭遇大火的同胞捐款100万日元。,,
https://x.com/wangzhian8848/status/1994359215104708955,2025-11-28T10:54:24.000Z,133,8,276,118K,周末了，吃点儿好的。,,
https://x.com/wangzhian8848/status/1994347317248327890,2025-11-28T10:07:08.000Z,62,41,470,300K,"大浦宏福苑大火死亡人数上升到128人，78伤、200人失联。现场平均五分钟就会抬出一具遗体，有消防员被救护人员用担架抬出送医。家属们面容憔悴，排队认领尸体。有人自发到现场鲜花悼念。

现场一名消防员疑似看到了最不想看到的画面，突然哭了起来。",,
https://x.com/wangzhian8848/status/1994216578448302259,2025-11-28T01:27:37.000Z,339,41,1K,444K,什么叫就事论事？比如这次香港大火，脚手架竹棚问题，讨论的第一层次，是竹棚是否安全，是否易燃，是否应该淘汰，第二层次，是竹棚在香港为什么没有被钢架替代，涉及到行业工会，立法会，政府等问题。这些讨论都是围绕着基本事实和政策博弈进行讨论，在我看来都是没问题的。,,
https://x.com/wangzhian8848/status/1994013876946342120,2025-11-27T12:02:09.000Z,38,4,93,177K,今晚话题：追问香港宏福苑大火，为何伤亡如此惨重？｜大埔｜竹棚｜发泡胶｜居屋｜王局拍案 20251127 https://youtu.be/eewEkUhJZAM?si=mHnH_LURjQMSUxmV… 来自 @YouTube,,
https://x.com/wangzhian8848/status/1994008243199455418,2025-11-27T11:39:46.000Z,63,10,689,368K,这个确实不是我们干的。这位黑客可以考虑把外交部网站按照这个模式黑一下。,@GFWfrog,墙国蛙蛤蛤
https://x.com/wangzhian8848/status/1994006828649513341,2025-11-27T11:34:09.000Z,217,12,335,277K,我们日本都用金属架，我感觉确实比香港更安全。,@cowcfj,陳牛
https://x.com/wangzhian8848/status/1993932959104291212,2025-11-27T06:40:37.000Z,225,22,284,497K,高市早苗和川普通过电话后，在昨天于众议院进行反对党党魁辩论，再次接受质询。她在本次质询中，等于间接收回了11月7号的讲话，她说如果大陆和台湾打起来，她会根据具体情况做判断，这就等于回归自民党的传统立场了。石破茂和安培此前都是这么表态的。,,
https://x.com/wangzhian8848/status/1993868565708181715,2025-11-27T02:24:45.000Z,231,47,754,381K,香港大火这件事儿，我看很多人讨论竹棚的问题，可问题是，就算是竹棚，其中也有防火材料是否合格的问题。目前看，竹棚外的防护网根本没有防火性，一点就着。这就几乎不是一个体系问题了，而是监管问题。一个这么大面积的施工单位，使用非防火材料做防护，政府的监管机构去哪了？,,
https://x.com/wangzhian8848/status/1993652340961030603,2025-11-26T12:05:33.000Z,78,5,111,260K,今晚话题：特朗普跨洋连线习近平和高市：台湾有事，日本要不要有事？｜釜山峰会｜武统｜无核三原则｜王局拍案 20251126 https://youtu.be/1us6sBL7YyE?si=5PTZFqAXHf3U9eq8… 来自 @YouTube,,
https://x.com/wangzhian8848/status/1993865874349150309,2025-11-27T02:14:03.000Z,9,1,25,108K,"特朗普与高市通电话，并建议她在谈论台湾主权问题时不要刺激北京。知情的日本官员和一位美国消息人士称，特朗普的建议比较委婉，并没有强硬要求她收回言论。

 一位接近白宫的人士称，这次通话的重点是贸易，并补充说，华盛顿担心中国迟迟没有落实其大豆采购承诺。",@wangzhian8848,王局志安
https://x.com/wangzhian8848/status/1993865452599300602,2025-11-27T02:12:22.000Z,106,21,252,358K,"特朗普与高市通电话，并建议她在谈论台湾主权问题时不要刺激北京。知情的日本官员和一位美国消息人士称，特朗普的建议比较委婉，并没有强硬要求她收回言论。

 一位接近白宫的人士称，这次通话的重点是贸易，并补充说，华盛顿担心中国迟迟没有落实其大豆采购承诺。",,
https://x.com/wangzhian8848/status/1993857047310569809,2025-11-27T01:38:58.000Z,2.1K,103,3K,1.1M,香港这样的城市，一场大火竟然导致几百人伤亡。我认为特首应该辞职了。,,
https://x.com/wangzhian8848/status/1993597563682136069,2025-11-26T08:27:53.000Z,82,17,646,585K,提供资料的人了不起。,@wurenhua,吴仁华
https://x.com/wangzhian8848/status/1993500687968485708,2025-11-26T02:02:56.000Z,110,62,479,344K,六四“抗命军长”徐勤先庭审视频首次公开：一个时代的良心见证｜历史影像19900317 https://youtu.be/ToQ9EySgUfg?si=FEFRcu1J5KN4R1Co… 来自 @YouTube,,
https://x.com/wangzhian8848/status/1993338639863234615,2025-11-25T15:19:00.000Z,121,10,308,324K,乌克兰准备接受没有28条的28条了。,,
https://x.com/wangzhian8848/status/1993292219718185274,2025-11-25T12:14:33.000Z,176,45,1K,1M,"中美宣布建交时，美国是提前几小时告诉台湾的。当时宋楚瑜半夜把蒋经国叫醒，并召见美国驻中华民国大使。大使说，第二天上午九点，中美将同时宣布建交，美国同时会宣布与中华民国断交。

蒋经国听罢，沉默片刻说，如此重大决策，提前几小时告知，你们做的可以呀。",,
https://x.com/wangzhian8848/status/1993287850222358886,2025-11-25T11:57:11.000Z,184,14,266,248K,"台湾方面对特朗普与习近平通话摘要中未提及台湾感到满意。

中华民国外交部副部长吴志忠表示，特朗普的沉默表明，台湾并未被当作中美谈判的筹码。

“我们没被提及，这意味着我们不在协议的讨论范围内，这已经是最好的结果了。”他通过电话说道。",,
https://x.com/wangzhian8848/status/1993284042977165382,2025-11-25T11:42:03.000Z,20,2,67,138K,对美国人来讲都一样，反正他们也分不清二十四节气。,@JKnow436,J Know
https://x.com/wangzhian8848/status/1993229750857540003,2025-11-25T08:06:19.000Z,131,6,235,114K,山川异域，风月同天,,
https://x.com/wangzhian8848/status/1993219859879199041,2025-11-25T07:27:01.000Z,94,7,170,308K,这个军营在北京门头沟吧！,@DaBingJingDuo,美国大兵净多
https://x.com/wangzhian8848/status/1993219635035115672,2025-11-25T07:26:07.000Z,128,7,239,152K,高市早苗和川普通过电话了，但她拒绝透露谈话细节。其实无论是否改变立场，此刻高市早苗都不太可能直接表态，重要的是观察未来三到六个月，高市是否会“直接“或者“间接”改变前段时间的立场。,,
https://x.com/wangzhian8848/status/1993145001522741511,2025-11-25T02:29:33.000Z,214,16,328,203K,习近平通过特朗普给高市早苗传话了，如果这之后高市态度发生微妙变化，那就说明特朗普并不完全认可高市此前的发言。如果高市一如既往，那就说明特朗普给习近平卖个面子，但美日对台湾的立场是一致的。,,
https://x.com/wangzhian8848/status/1993114379865497952,2025-11-25T00:27:53.000Z,297,17,583,321K,"川普和习近平最近通了一次电话，双方商量好川普明年到北京过春节，习近平会请他吃点儿好的，然后会和他重点谈一下台湾问题。

感觉对台湾凶多吉少。",,
https://x.com/wangzhian8848/status/1992863439921020928,2025-11-24T07:50:44.000Z,609,10,210,364K,我们日本有这个能力。,@ball_gym,Paaaaaarrrk
https://x.com/wangzhian8848/status/1992590236178935877,2025-11-23T13:45:07.000Z,206,27,503,298K,今天特地抽时间去看了竹内亮导演制作的纪录片《无名之子》，制作真的非常精良，完全想电影看齐了，不像是一般的纪录片。感觉整个拍摄制作投入挺大的。,,
https://x.com/wangzhian8848/status/1992476801663443231,2025-11-23T06:14:22.000Z,264,29,730,509K,G20李强和高市早苗零互动，高市早苗为了避免李强进场双方的尴尬，特地选择会议开始后才进入会场。会议结束后合影，两人中间隔着三个人，双方始终没有握手，互动。,,
https://x.com/wangzhian8848/status/1992426911793082551,2025-11-23T02:56:07.000Z,269,32,618,373K,昨天赵少康采访台湾前陆军副司令，对方说，大陆不需要打台湾，封锁一下台湾就完了。无论美国还是日本，来的话有去无回，都会被消灭。然后我看赵少康就不吭声了。,,
https://x.com/wangzhian8848/status/1992182586248946144,2025-11-22T10:45:16.000Z,358,29,600,394K,乌克兰现在的被动局面在于，战场形势对他越来越不利。三年前我去采访的巴赫穆特早就失守了，连我们当时从前线撤下来坐火车回后方的红军村，最近也失守了。以乌克兰的国力，单独和俄罗斯打持久战，肯定是没胜算，但眼下的局势是，美国一直和俄罗斯眉来眼去，欧洲虽然道义支持乌克兰，但也不太可能直接出,,
https://x.com/wangzhian8848/status/1992150753373524326,2025-11-22T08:38:46.000Z,390,74,1.2K,406K,"感觉整个世界又回到了一战前夕，当时中国不得不和日本签署二十一条，现在乌克兰不得不面对美国和俄罗斯的二十八条。二战后的政治秩序算是完球了，禁止凭借武力侵略邻国，谋求领土，这些都是联合国宪章的核心，现在都成了废纸。

唯一能讲道理的，就是武器。",,
https://x.com/wangzhian8848/status/1992147661080973626,2025-11-22T08:26:29.000Z,27,2,66,140K,是从内阁总理大臣的角度考虑的,@straybirdpei,Madagascar
https://x.com/wangzhian8848/status/1992117882214547889,2025-11-22T06:28:09.000Z,51,3,110,82K,银杏黄了！,,
https://x.com/wangzhian8848/status/1992119204607340913,2025-11-22T06:33:24.000Z,10,1,47,67K,角度,,
https://x.com/wangzhian8848/status/1992116397179342889,2025-11-22T06:22:15.000Z,76,5,176,181K,还可以呀，没让乌克兰赔偿两亿两白银。,@shangguanluan,上官亂
https://x.com/wangzhian8848/status/1992114148164165982,2025-11-22T06:13:19.000Z,55,2,141,126K,明治年间外国使节来日本带来了西餐，这家餐馆是东京第一家西餐厅，一百五十年来一直在经营，只是当年达官显贵变成了普通市民。餐谱也几乎没变。每天中午开门傍晚六点关门，口味嘛也就那么回事，吃个情怀吧。,@wangzhian8848,王局志安
https://x.com/wangzhian8848/status/1992112337176912013,2025-11-22T06:06:07.000Z,637,40,640,419K,"从我们日本角度讲，高市早苗的话的最大问题，是当中国真的梧桐台湾时，美国可能根本就不管（请参考特朗普有关乌克兰的最新讲话精神）。

到那时高市就比较尴尬了，中共会说，你来呀？你敢去么？",,
https://x.com/wangzhian8848/status/1992086639078953343,2025-11-22T04:24:00.000Z,159,3,284,226K,周末了，吃点儿好的。,,
https://x.com/wangzhian8848/status/1992061084250124652,2025-11-22T02:42:27.000Z,272,16,423,199K,日本扔垃圾确实有点不近人情，我们公司附近的垃圾点，要求必须早上八点之前扔，晚上还不能夜里去扔，但员工们住的都挺远，八点之前赶到公司，的确有点强人所难。垃圾分类，处理，需要市民配合，但也应该兼顾方便和市容和分类，不能为了分类方便，完全不顾市民的体验。,,
https://x.com/wangzhian8848/status/1991865972131852678,2025-11-21T13:47:09.000Z,129,17,563,219K,网友来信，这个我实在是没能力做到啊,,
https://x.com/wangzhian8848/status/1991777601095102555,2025-11-21T07:56:00.000Z,205,7,166,222K,这个条款其实现在已经意义不大了，当时美苏还是盟友，现如今，美日德是盟友，还有共同防卫条约，无论中国还是俄罗斯，都没可能不经美国同意，直接对日本动武。,@wangjupaian,王局拍案
https://x.com/wangzhian8848/status/1991776828437221520,2025-11-21T07:52:55.000Z,51,6,148,288K,幸亏全程英语，要是中文也不一定能办成。吵架用英语在日本还是有点语言优势的。,@pingzhang632,张平
https://x.com/wangzhian8848/status/1991675285704700116,2025-11-21T01:09:26.000Z,139,6,128,174K,去趟南极算啥炫富？像我这样996的普通中产都去的起。,@Io8bPYCF298866,那个啥
https://x.com/wangzhian8848/status/1991674979885383742,2025-11-21T01:08:13.000Z,497,39,1K,678K,"高市内阁是真强硬，没有一点儿妥协迹象，反而正在推进安保政策大转向，有可能放弃无核三原则。话说日本有高浓缩钚，半年内能造出原子弹。

感觉背后的真正大佬是麻生。",,
https://x.com/wangzhian8848/status/1991674123400147005,2025-11-21T01:04:49.000Z,35,1,55,116K,好像不多，主要是笑话我吃的太差的。,@Thomson_3816,Thomson
https://x.com/wangzhian8848/status/1991673455570510211,2025-11-21T01:02:09.000Z,186,18,472,189K,俞敏洪也是倒霉，花二十万去趟南极就被网暴，话说这个价格我都去的起，国内的无产阶级革命家还是太多了，看习近平微服私访，然后整天想着让老板和他们一起吃糠咽菜。,,
https://x.com/wangzhian8848/status/1991671379348148654,2025-11-21T00:53:54.000Z,188,8,349,145K,日本股市暴跌，为中日两国的前途和命运担忧，无心工作，去寻访一下大自然。,,
https://x.com/wangzhian8848/status/1991476754838609951,2025-11-20T12:00:32.000Z,52,9,70,152K,今晚话题：爱泼斯坦文件阴影下的金刻羽：“中国超越论”是洞见，还是包装？｜特朗普｜萨默斯｜黄亚生｜市长经济｜王局拍案 20251120 https://youtu.be/y5OT8UO4s_8?si=kHOHtzzPFf-DPxYu… 来自 @YouTube,,
https://x.com/wangzhian8848/status/1991431096568107038,2025-11-20T08:59:07.000Z,205,9,267,223K,感觉日本也没什么可怕的，中华人民共和国的人不吃，中华民国的人吃。中华人民共和国的人不来，中华民国的人来。正好。,@wangjupaian,王局拍案
https://x.com/wangzhian8848/status/1991428511899480578,2025-11-20T08:48:50.000Z,220,27,420,343K,日元崩了！,,
https://x.com/wangzhian8848/status/1991316310937202932,2025-11-20T01:23:00.000Z,63,5,114,143K,美国和中国建交时制定的台湾政策维持了五十年，其前提是维持既有的国际秩序，但如果国际秩序已经被颠覆，既有秩序没有可能长期维系。这是长历史周期视角下的台湾问题。,@CainMarkoBot,Cain Marko
https://x.com/wangzhian8848/status/1991314591473889373,2025-11-20T01:16:10.000Z,486,56,687,345K,感觉日本和大英帝国似乎都在缓慢步入发展中国家，收入是比国内高，但物价也高，生活水平和国内一线城市已经没差了。甚至可能还稍差一点儿。这些国家的老底子是法治，民主，社会稳定。贫富差距不那么大，社会保障制度相对完善，福利也都还可以。但经济上是早就不太行了。,,
https://x.com/wangzhian8848/status/1991154390590165134,2025-11-19T14:39:35.000Z,105,6,209,218K,不知道这个新版的Gemini3 Pro能不能帮着做剪辑，有懂行的请来教我们一下。我还没完全看明白。,,
https://x.com/wangzhian8848/status/1991112491523538953,2025-11-19T11:53:05.000Z,40,4,69,160K,今晚话题：钱志敏被判刑：币圈大谜团，她还剩多少比特币，藏哪？｜比特币女王｜传销｜蓝天格锐｜洗钱｜王局拍案 20251119 https://youtu.be/LtewngHJgfc?si=Dwa35jkIeMb51oxp… 来自 @YouTube,,
https://x.com/wangzhian8848/status/1991051326088970552,2025-11-19T07:50:02.000Z,541,29,448,283K,感觉待在东京不安全，考虑搬到北海道。看这张图北海道似乎不在攻击范围。,,
https://x.com/wangzhian8848/status/1990993464918675875,2025-11-19T04:00:07.000Z,266,6,145,218K,最近有啥新闻值得聊聊？,,
https://x.com/wangzhian8848/status/1990790314202968535,2025-11-18T14:32:52.000Z,100,1,236,188K,今晚GPT挂了，感觉就像老板遇到临时工集体罢工，不知道怎么工作了。,,
https://x.com/wangzhian8848/status/1990788960256471436,2025-11-18T14:27:29.000Z,932,74,1K,580K,从我们日本角度讲，我认为高市早苗首相的言论不慎妥当，中共也好，台湾也罢，都是中国人自己的事情。和平统一也好，武装独立也罢，和我们日本有啥关系？日本这些年经济不太好，年轻人都不考虑国家的未来，既不结婚也不生孩子，再过几百年，日本列岛的人口都降到了零了，这才是真正的生死存亡的危机。,,
https://x.com/wangzhian8848/status/1990754936041439590,2025-11-18T12:12:17.000Z,70,4,81,184K,今晚话题：中日外交大战迅速升级，“存亡危机”论后，两国关系最寒冷的冬天来了？｜战狼｜薛剑｜外交部｜台湾有事儿｜琉球未定论｜王局拍案 20251118 https://youtu.be/6UkvKa32eGQ?si=uI9iSdSM3mLyaZ-j… 来自 @YouTube,,
https://x.com/wangzhian8848/status/1990728770773262351,2025-11-18T10:28:19.000Z,441,62,769,807K,中国外交部亚洲司司长刘劲松双手插兜，送日本外务省亚洲大洋洲局局长金井正彰出门。刘劲松今天没有穿西服，而是穿了一件和习近平同款的中山装。话说在中国，除了领袖，其他人已经很少会穿中山装了。,,
https://x.com/wangzhian8848/status/1990719709352800302,2025-11-18T09:52:19.000Z,231,7,256,233K,我申请撤到中华民国。,@MangoFinance_R,芒果金融（Mango Finance）
https://x.com/wangzhian8848/status/1990711248930156716,2025-11-18T09:18:42.000Z,187,22,459,208K,韩国取消韩日军演，看起来韩国对日本新内阁的外交政策也并不满意。中韩关系要大幅改善了。新版东亚三国演义，中国相当于魏，韩国是蜀国，日本是东吴。滚滚长江东逝水，浪花淘尽英雄，古今多少事，都付笑谈中。,,
https://x.com/wangzhian8848/status/1990709966983082051,2025-11-18T09:13:36.000Z,50,5,210,159K,韩国比例更高，韩国说武装保护中共不受中华民国欺负了？,@C_T_Chan,8dog6death
https://x.com/wangzhian8848/status/1990706668813103529,2025-11-18T09:00:30.000Z,305,28,819,534K,啥也没谈成,,
https://x.com/wangzhian8848/status/1990690262138650748,2025-11-18T07:55:18.000Z,349,26,624,431K,中日自建交以来发生的冲突，钓鱼岛当时中方没怎么在意，后来开始说是中方固有领土。中方的历史依据也并不那么充分。U型锁事件是中共长期反日宣传导致的恶果。福岛核废水是中共有意找茬，工具化，其实完全没科学依据。但高市早苗的言论，我个人认为是不妥当的。无论怎么解释，都很难说符合中日建交的四,,
https://x.com/wangzhian8848/status/1990681956418552313,2025-11-18T07:22:18.000Z,142,3,140,162K,准备六十岁退休，找个海岛颐养天年。,@Herohege,名叫巨剑的剑
https://x.com/wangzhian8848/status/1990440663322968141,2025-11-17T15:23:29.000Z,89,3,291,225K,我雇的临时工，如果做得好，你就给我点个赞，如果做得不好，你不要怪到我头上，和我没关系。,@zhngcnnng116307,哈哈哥哥
https://x.com/wangzhian8848/status/1990401720925499564,2025-11-17T12:48:44.000Z,134,15,447,292K,冒着被驱逐的危险做了今天的节目，各位走过路过的点个赞：高市早苗引爆中日炸点，“武统台湾”为何成为日本“存亡危机”？｜日本有事｜台湾有事｜和平宪法｜麦克阿瑟｜安倍晋三｜国家存立｜王局拍案 20251117 https://youtu.be/DlMu0IecnsU?si=eCrf21DiSukw8LP7… 来自 @YouTube,,
https://x.com/wangzhian8848/status/1990304039968604175,2025-11-17T06:20:35.000Z,191,4,404,221K,本周选题：日本有事就是王局有事儿。,@qinsnzho15811,钱孙赵
https://x.com/wangzhian8848/status/1990297768578236465,2025-11-17T05:55:40.000Z,117,1,191,201K,来自小粉红的威胁也有。,@Kasumi_cn_jp,夏弥 Kasumi
https://x.com/wangzhian8848/status/1990196497762353523,2025-11-16T23:13:15.000Z,86,7,185,245K,这个确实,@BeijingDai,DaiWW
https://x.com/wangzhian8848/status/1990019987101384907,2025-11-16T11:31:52.000Z,140,5,187,224K,基本同意,@JiHuang02026178,Ji Huang
https://x.com/wangzhian8848/status/1989998915689832556,2025-11-16T10:08:08.000Z,163,10,223,215K,我的思想来自于英国著名的启蒙思想家，约翰斯图亚特密尔，有时间去看看书，然后再来看王局的推特。,@zhangfei4766,fwertwrtw
https://x.com/wangzhian8848/status/1989955717370143124,2025-11-16T07:16:29.000Z,578,59,1K,488K,准备申请日籍，然后申请加入日共，誓死捍卫日本和平宪法。,,
https://x.com/wangzhian8848/status/1989931547412369454,2025-11-16T05:40:26.000Z,95,9,355,292K,日共立场站得挺稳，给日共点个高赞！,,
https://x.com/wangzhian8848/status/1989888498648887659,2025-11-16T02:49:23.000Z,159,14,279,209K,民意参考一下就行了，听民意的最后都是毁灭。精英治国的逻辑基础就是法治大于民意。,@laobaodegen,老包Degen 
https://x.com/wangzhian8848/status/1989887746031452621,2025-11-16T02:46:23.000Z,360,47,612,354K,我感觉日本搞门阀政治挺好的，政治这东西我一直认为普通人不要瞎参与，投投没啥用的票就行了。政治就得是社会精英的游戏，当年美国制宪会议的那些人，各个都是社会精英，才有了精英治国的美国体制。才有了（特朗普出来前）伟大的美利坚。,,
https://x.com/wangzhian8848/status/1989622137922228522,2025-11-15T09:10:57.000Z,113,3,243,146K,确实，日本有事儿就是王局有事儿。 https://x.com/yangxia4139420/yangxia41394202/status/1989621306632147246…,,
https://x.com/wangzhian8848/status/1989586657452966363,2025-11-15T06:49:58.000Z,209,14,514,349K,峰哥被禁止关注，有点儿危。,,
https://x.com/wangzhian8848/status/1989547149873279139,2025-11-15T04:12:59.000Z,142,13,430,210K,祈祷中日友好！,,
https://x.com/wangzhian8848/status/1989546056376619171,2025-11-15T04:08:38.000Z,352,25,786,230K,祈祷中日和睦，世界和平，万民丰乐。,,
https://x.com/wangzhian8848/status/1989502694076342521,2025-11-15T01:16:20.000Z,432,45,1.1K,733K,这次中日关系危机，差不多是建交以来最大的一次。如果不能顺利解决，明年的APEC，中日首脑峰会恐怕是要泡汤了。中国极大可能会暂时冻结与高市内阁的高层交流。,,
https://x.com/wangzhian8848/status/1989500429819105479,2025-11-15T01:07:20.000Z,1.1K,47,969,468K,"中国驻大阪总领事薛剑是个麻烦制造者，原本高市早苗的话，是事关中国主权的问题，他这么一搅和，成了外交礼仪问题了。后一个问题低级而且也完全没有必要，这就是战狼外交官的作用，不能解决问题，而是制造问题。

建议中国政府将其就地免职，充军发配到宁古塔。",,
https://x.com/wangzhian8848/status/1989345359441936795,2025-11-14T14:51:08.000Z,105,20,331,216K,就在今天，蓝色起源第二次发射新格伦火箭，不仅将两颗前往火星的NASA科学卫星顺利送入既定转移轨道，更是首次实现一级助推器海上着陆回收。这意味着蓝色起源正式成为继SpaceX之后，全球第二家掌握轨道级火箭回收技术的公司。可复用航天的舞台，从此又多了一位重量级玩家。太空科技竞赛，闪耀启动！,,
https://x.com/wangzhian8848/status/1989309947952472256,2025-11-14T12:30:25.000Z,68,17,214,190K,上海市通报“多校午餐发臭事件”：绿捷公司存在对外瞒报有虫情节，同时近年来，绿捷公司派驻学校的食堂经理共向公司反映食材质量问题、食品安全问题多起，绿捷公司均未按规定上报监管部门。,,
https://x.com/wangzhian8848/status/1989236057301528660,2025-11-14T07:36:48.000Z,265,18,328,214K,特朗普开始和台湾谈判关税了。,,
https://x.com/wangzhian8848/status/1989151072926199899,2025-11-14T01:59:07.000Z,50,6,90,193K,昨晚话题：杨振宁和李政道：故国两万里，何日是归期？｜束星北｜巫宁坤｜袁家骝｜邓稼先｜赖钟声｜竺可桢｜王局拍案 https://youtu.be/6UhT_KklAuU?si=lXJv_wmq-q3kLEvN… 来自 @YouTube,,
https://x.com/wangzhian8848/status/1988796679987032383,2025-11-13T02:30:53.000Z,167,9,219,358K,这下沈伯洋看起来暂时安全了。,@wangjupaian,王局拍案
https://x.com/wangzhian8848/status/1988440727379145121,2025-11-12T02:56:27.000Z,137,5,202,134K,秋晴れ！,,
https://x.com/wangzhian8848/status/1988059933045387736,2025-11-11T01:43:19.000Z,187,61,545,290K,每4个骑手中，就有1个女人，当工厂南迁、岗位被AI取代，她们骑上电动车养家】格隆汇：2022-2024年，仅仅美团一个平台，女性骑手数量从51.7万飙升至70.1万，35.6%的增速足足是行业整体（19.3%）的1.8倍。,,
https://x.com/wangzhian8848/status/1987877573100282238,2025-11-10T13:38:41.000Z,90,8,99,283K,今晚话题：习近平率“残将”登上福建舰，中美新航母差距到底有多大？｜电磁弹射｜福特级航母｜核动力｜辽宁舰｜山东舰｜成军 入列｜王局拍案 20251110 https://youtu.be/cDuT3u0Jbrs?si=z_EL7dk7M1Zby1Sn… 来自 @YouTube,,
https://x.com/wangzhian8848/status/1987674207459971561,2025-11-10T00:10:34.000Z,150,8,192,186K,蔡正元大半夜起床发帖批评国民党主席郑丽文,,
https://x.com/wangzhian8848/status/1987673647474147775,2025-11-10T00:08:21.000Z,313,6,155,271K,最近有啥新闻值得聊聊？,,
https://x.com/wangzhian8848/status/1987413806327472523,2025-11-09T06:55:50.000Z,294,18,461,364K,我本来是要当央视台长的，但因为八九年的经历受了影响，只能在央视当个临时工。你说有没有受到迫害？,@onlyaim98,愿世界和平
https://x.com/wangzhian8848/status/1987359062988828726,2025-11-09T03:18:18.000Z,179,3,418,286K,确实，我要是中华民国总统，趁着福建号入列，直接发檄文讨逆，誓师北伐，一举荡平中共邪恶势力。灭此而朝食。,@FucktheEvilCCP,FucktheEvilCCP
https://x.com/wangzhian8848/status/1987356746533511258,2025-11-09T03:09:06.000Z,170,39,1.1K,365K,86年我入学武汉大学，当时刘道玉是校长。我们刚入学就赶上了八六学潮，刘道玉被免职。89年学潮清算，撤销了刘道玉的教授资格。当时我在学习班中提出疑惑，教授不是学术职称么，刘道玉再反动，他的学术水平好像也没下降啊，负责我的老师对我说，王志安你不老实，你的问题很严重，再写一份检查。,,
https://x.com/wangzhian8848/status/1987355751762043312,2025-11-09T03:05:09.000Z,130,3,64,133K,中国第一艘电磁弹射航母福建舰入列，它的实战水平：,,
https://x.com/wangzhian8848/status/1986994292678926344,2025-11-08T03:08:50.000Z,142,7,330,133K,秋が来た！,,
https://x.com/wangzhian8848/status/1986786817035923937,2025-11-07T13:24:24.000Z,84,13,268,217K,武汉大学原校长刘道玉去世。,,
https://x.com/wangzhian8848/status/1986668188449579240,2025-11-07T05:33:01.000Z,275,27,320,281K,"中国第一艘电磁弹射型航空母舰福建舰成军入列，习近平出席入列授旗仪式并登舰视察。

据说这艘航母比美国的福特号还要先进，也有说就相当于二战时期的尼米兹号，落后美国五十年。也不知那个是真的。",,
https://x.com/wangzhian8848/status/1986671826458845564,2025-11-07T05:47:28.000Z,26,2,97,115K,习近平上舰视察，说大家都是英雄。,,
https://x.com/wangzhian8848/status/1986600823464599693,2025-11-07T01:05:20.000Z,163,7,430,261K,我感觉习近平退休后去选纽约市长，也能当选。,,
https://x.com/wangzhian8848/status/1986406261353816597,2025-11-06T12:12:13.000Z,163,34,440,548K,【郭美美因炫富被封号】微博通报：经核实，用户@郭美May努力努力 持续宣言炒作炫富拜金等行为，多次高调宣扬不良价值观，并以此作为流量变现手段，因违反法律法规和社区公约的有关规定，现已受到关闭账号的处置。,,
https://x.com/wangzhian8848/status/1986404235500790093,2025-11-06T12:04:10.000Z,42,5,80,187K,今晚话题：神农架惊现“残障野人群”：为奴十余年， 何无人问？｜野人｜上官正义｜黑砖窑｜强迫劳动｜王局拍案 重制版20251106 https://youtu.be/EOr8QlWKhRI?si=d3cN4p5E4dSBcE4E… 来自 @YouTube,,
https://x.com/wangzhian8848/status/1986050300684501325,2025-11-05T12:37:45.000Z,234,17,817,272K,请把自字去掉，我们是一家媒体，乌克兰国防部当时都给我们发过记者证，经历过俄乌战争前线的考验。我们也是第一家进入福岛核电事故现场的华语媒体，更是全球范围内，唯一一个因为报道台湾大选，遭受封杀五年不得进入台湾的唯一媒体人。放眼全球华语媒体，我们一直在前行，说到责任，确实有些非我莫属。,@fuhuashijie2026,浮华世界20226
https://x.com/wangzhian8848/status/1986050224377458894,2025-11-05T12:37:27.000Z,88,4,233,179K,YouTube的审核员是不是换成黑熊学院的人了，这期节目竟然被黄标。我这个真不是认知作战。是替台湾人在讲话啊。,@wangzhian8848,王局志安
https://x.com/wangzhian8848/status/1986045519941251408,2025-11-05T12:18:45.000Z,43,4,77,345K,今晚话题：郑智化“连滚带爬”退微博，中共为何“匆匆忙忙”挽留｜统战｜道德高地｜宣传部｜王局拍案 20251105 https://youtu.be/LLwKlBS_Z5k?si=jfPwFCDugk7Tes_S… 来自 @YouTube,,
https://x.com/wangzhian8848/status/1986024199098630233,2025-11-05T10:54:02.000Z,142,23,662,381K,我替习近平把党退了，麻烦你们确认一下。,@JenniferZeng15,曾錚
https://x.com/wangzhian8848/status/1986017044286902578,2025-11-05T10:25:36.000Z,56,14,238,254K,"中国自行研制的弹射型航空母舰福建舰即将入列，入列仪式将在海南三亚榆林港举行，习近平很有可能在出席仪式后，才转往广东省参加9日举行的第15届全运会开幕式。
 三亚海事局昨天发布航行警告，指当天8时至6日18时，南海部分海域进行军事训练，禁止驶入，有军事专家据此推测，福建舰即将举行入列仪式。",,
https://x.com/wangzhian8848/status/1986014502996087120,2025-11-05T10:15:30.000Z,115,12,191,119K,台湾外交部长林佳龙说，CNN对台湾发起认知作战。,,
https://x.com/wangzhian8848/status/1986002760777830739,2025-11-05T09:28:50.000Z,516,187,2.2K,550K,"下面播报一条安卓新闻：

户晨风竟然上央视了，这下彻底没希望复出了。不过这个告别也算有排面，连我都没享受到。",,
https://x.com/wangzhian8848/status/1985998775429845393,2025-11-05T09:13:00.000Z,305,37,454,272K,"黄明志肯定是被中共设局陷害了，太蹊跷，讽刺了习近平支持了大罢免，就出事儿了。

台湾大马现在中共特务多得很，吴石朱枫就在你身边。",,
https://x.com/wangzhian8848/status/1985996919634886716,2025-11-05T09:05:38.000Z,89,4,135,114K,高德地图覆盖台湾了，我估计还有个军方特供版。,,
https://x.com/wangzhian8848/status/1985702046608269325,2025-11-04T13:33:55.000Z,77,4,79,173K,今晚话题：通背拳传人赵鸿刚耳光大赛被KO，传统武术再迎至暗时刻？｜陈阔｜徒手劈砖｜极限格斗｜王局拍案 20251104 https://youtu.be/qMOwELjQvW0?si=twPJtCSLQmvA95Gc… 来自 @YouTube,,
https://x.com/wangzhian8848/status/1985527373912330410,2025-11-04T01:59:49.000Z,186,33,420,286K,"上周习特会，川普原本已经准备将英伟达最新一代AI晶片Blackwell卖给中国了，以换取中国取消对稀土的管制。
 关键时刻，卢比奥等人坚决反对，认为这将威胁美国国家安全。最终，特朗普没有在谈判中让步。",,
https://x.com/wangzhian8848/status/1985494148112396682,2025-11-03T23:47:48.000Z,137,34,338,368K,感觉美国的医院有点像诈骗集团。,@xiaohu,小互
https://x.com/wangzhian8848/status/1985491909809492373,2025-11-03T23:38:54.000Z,132,27,242,215K,WSJ：美国曾以为贸易战能改变中国经济，但它错了。文章称，特朗普政府曾寄望高额关税能迫使中国减少对出口和制造业的依赖、刺激内需增长，从而让中国消费者多花钱、少存钱。这将可以推动中国开始从美国和世界其他地区购买更多商品，中国的贸易顺差将会缩小，美国企业和农户也可以开拓一个潜力无可比拟,,
https://x.com/wangzhian8848/status/1985316389448720397,2025-11-03T12:01:27.000Z,44,2,71,151K,今晚话题：重庆刑事立案台湾立委沈伯洋，中共“远洋捕捞”意欲何为？｜曹兴诚｜顽固分子｜黑熊学院｜不分区立委｜青鸟｜长臂管辖｜认知战｜王局拍案 20251103 https://youtu.be/4ivvp1dbr78?si=9-DcR2lpkB7hFain… 来自 @YouTube,,
https://x.com/wangzhian8848/status/1985306676254376337,2025-11-03T11:22:51.000Z,96,5,190,317K,确实秒杀九三阅兵,@wangjupaian,王局拍案
https://x.com/wangzhian8848/status/1985231677694595158,2025-11-03T06:24:50.000Z,81,47,387,218K,"【药财社：害死63人！千亿“神药”市场，终于要清算了】最近国家多部门联合发布征求意见稿，宣布将对2019年新《药品管理法》实施前的所有中药注射剂进行全面再评价。
最关键的规定是：
 若药品说明书中的【禁忌】【不良反应】【注意事项】任意一项仍写“尚不明确”，三年后将被依法注销注册。",,
https://x.com/wangzhian8848/status/1985230816293908967,2025-11-03T06:21:25.000Z,170,76,507,184K,"【卫报：英国大学在中国施压下暂停人权研究】在中方的要求下，谢菲尔德哈勒姆大学一名知名教授被要求停止有关中国供应链与强迫劳动的研究，
 据报道，今年2月，该校下属的海伦娜·肯尼迪国际正义中心（HKC）要求知名教授劳拉·墨菲（Laura",,
https://x.com/wangzhian8848/status/1985167318314516480,2025-11-03T02:09:05.000Z,68,4,78,64K,中国宣布暂停实施10月公布的部分稀土与相关技术出口限制，为期一年。美财长贝森特表示：“中国掌控了稀土市场，但遗憾的是，事实证明他们有时不是可靠的伙伴。”他放狠话警告：“如果北京出尔反尔，美方可能再次动用关税手段。事实上，我们已经做好准备，必要时将把关税这项工具用到极限”,,
https://x.com/wangzhian8848/status/1985167056158007500,2025-11-03T02:08:03.000Z,79,24,291,162K,《纽约时报》发表文章《从习近平到特朗普，强人统治让世界更加危险》，作者Erica Frantz指出，目前在美中关系中，这是第一次由两位具有相似政治风格的领导人掌舵两国。其后果——至少在未来四年里——可能会十分深远：更多的冒险行为、更大的不稳定性，以及更高的误判与冲突风险。,,
https://x.com/wangzhian8848/status/1985138608702140541,2025-11-03T00:15:01.000Z,237,3,110,174K,最近有啥新闻值得聊聊？,,
https://x.com/wangzhian8848/status/1985126529165381793,2025-11-02T23:27:01.000Z,62,10,100,135K,"特朗普接受《60分钟》节目主持人奥唐纳的采访。奥唐纳问：“我知道您曾说过，只要您还在任，习近平就不敢对台湾采取军事行动。但如果他真的这么做了呢？您会命令美军保卫台湾吗？”
特朗普：“等事情发生你就会知道了。”川普神秘地回答道。“而且他(习近平)很清楚答案“
 奥唐纳：为什么不说出来呢？",,
https://x.com/wangzhian8848/status/1985126311392850413,2025-11-02T23:26:09.000Z,64,8,168,133K,台湾内政部移民署今天说，接获相关机关通报或民众举报疑似在大陆地区设籍或领用大陆地区护照，都会依法调查，截至目前为止，因事证明确，已通报户政机关废除约50人的台湾户籍。,,
https://x.com/wangzhian8848/status/1985017650712592661,2025-11-02T16:14:22.000Z,165,15,253,209K,其实对于日本来讲，中国移民最适合日本。从日本角度讲。即便排外也最不应该排中国人。中日文化同文同种，一旦归化十分能够融入。堪比英国人融入美国一样简单。,@Kasumi_cn_jp,夏弥 Kasumi
https://x.com/wangzhian8848/status/1984944108574744633,2025-11-02T11:22:08.000Z,50,29,238,158K,"近日，山东成武县一母亲表示，孩子在成武县人民医院做手术时，被医生“切掉6个器官”，如今无法正常进食，以后需长期靠静脉注射营养液维持生命。
 据报道，2023年10月26日，山东菏泽10岁男孩小烨课间玩耍被撞腹部后感觉肚子疼，前往成武县人民医院检查。经加强 CT",,
https://x.com/wangzhian8848/status/1984947195897102590,2025-11-02T11:34:24.000Z,33,19,195,130K,"一名北京医生称，医院给男孩做的手术是“胰十二指肠切除术”几乎是普外科里最大的一个手术，难度堪比“攀登珠穆朗玛峰”成武县医院根本没有能力和资格去做这么大的手术。
 医生还表示，如果医院给孩子做的病理是对的 (胰腺实性假乳头状肿瘤(为低度恶性肿瘤)",,
https://x.com/wangzhian8848/status/1984942837029638563,2025-11-02T11:17:05.000Z,137,38,465,287K,昨天，在APEC峰会晚宴上，习近平和韩国总统李在明被拍到一起喝“马格利酒”，这是一种韩国传统米酒。视频显示，习近平抿了一小口后眨巴了好几次眼睛，面露难堪，疑似不喜欢喝。,,
https://x.com/wangzhian8848/status/1984893508810064040,2025-11-02T08:01:04.000Z,197,55,455,321K,以徒手碎砖、拉直铁板成名的中国祁家通背拳第9代传人赵鸿刚，日前代表中国出战扇耳光大赛“Power Slap”，他在赛中连挨三掌、当场倒地昏迷。裁判见状立刻叫停比赛，医护人员紧急上台救治。,,
https://x.com/wangzhian8848/status/1984879423238390242,2025-11-02T07:05:06.000Z,103,14,190,213K,"美国白宫公布中美元首会晤达成的贸易协议详情。白宫在声明中表示，“这是一场巨大的胜利，这份协议既维护了美国的经济实力与国家安全，又优先保障了美国工人、农民与家庭的利益。”
 根据协议，中方将限制芬太尼前体化学品流入美国；",,
https://x.com/wangzhian8848/status/1984813175234314699,2025-11-02T02:41:51.000Z,44,5,92,187K,习近平送韩国总统李在明小米手机问，“你看看有没有后门”｜新闻特写20251102 https://youtu.be/y_8BlzcLTsU?si=F58OzWB40VFXcqon… 来自 @YouTube,,
https://x.com/wangzhian8848/status/1984812942370730358,2025-11-02T02:40:56.000Z,258,29,362,276K,"美国财长贝森特接受采访时说，中国威胁切断稀土供应“已经让所有人意识到（稀土问题上的）危险，他们犯了一个真正的错误。”“把枪放在桌子上是一回事，朝天鸣枪又是另一回事。”
贝森特表示，中国将没法再故技重施，因为“我们有了抵消措施”。他认为中国对美国的稀土优势最多只能撑12至24个月。",,
https://x.com/wangzhian8848/status/1984812573234250067,2025-11-02T02:39:28.000Z,336,125,2.1K,1.2M,APEC会议期间，马来西亚首相安华上前与习近平打招呼，习近平起身笑脸相迎，但翻译不在身边，习四处张望，随后王毅等人冲上前救场。,,
https://x.com/wangzhian8848/status/1984523194452029888,2025-11-01T07:29:34.000Z,140,18,425,224K,我小时候那个时代精神生活匮乏到什么程度，那时候很少能看到电影，我住的县城里有一个电影院，但很少有什么电影放。我父亲公司有时候会放露天电影，电影来来回回就那几部，地道战，地雷战，小兵张嘎，渡江侦察记，智取威虎山等等。我们县城当时驻扎着一个特务连，有时候他们会放电影。他们放的电影有时,,
https://x.com/wangzhian8848/status/1984467690262810887,2025-11-01T03:49:01.000Z,45,1,105,96K,在东京体会异国文化风情,,
https://x.com/wangzhian8848/status/1984426244335944168,2025-11-01T01:04:20.000Z,261,47,688,240K,台湾也要建民主防火墙了。,,
https://x.com/wangzhian8848/status/1984276168930140167,2025-10-31T15:07:59.000Z,111,77,986,293K,"31日晚，上海静安寺地铁站附近，一女子cos哆啦a梦，随后被警察要求摘掉头套；
 一男子cos大白要给围观路人做核酸；
 上海愚园路，一辆车上安装了一个南瓜头，被交警要求拆除；
 民众cos幽灵，遭警方劝阻盘问。",,
https://x.com/wangzhian8848/status/1984416376510153152,2025-11-01T00:25:07.000Z,19,23,640,121K,武汉黎黄陂路，一名男子打扮成ChatGPT手上的牌子写着“在您所在的国家/地区不可用”我,,
https://x.com/wangzhian8848/status/1984416697844138027,2025-11-01T00:26:24.000Z,10,8,156,108K,10月31日晚各地万圣节：红姐、茅山道士、绑匪、蝙蝠侠全部被警察拿下。,,
https://x.com/wangzhian8848/status/1984416109546946840,2025-11-01T00:24:03.000Z,54,33,502,121K,日本涩谷万圣节，有人cos习维尼，有人cos解放军。,,
https://x.com/wangzhian8848/status/1984254732689617026,2025-10-31T13:42:48.000Z,218,49,1.2K,812K,这个最终方案我笑死了，你们的贸易战最后弄了个寂寞。,,
https://x.com/wangzhian8848/status/1984254400362377708,2025-10-31T13:41:29.000Z,37,28,194,121K,【中共文革期间沦「北京人质」前路透记者过世享寿87岁】中共文化大革命期间任路透社驻北京特派员的葛雷曾遭中国软禁逾两年，葛雷的女儿证实，晚年罹患帕金森氏症的他于11日过世，享寿87岁。,,
https://x.com/wangzhian8848/status/1984245667859222655,2025-10-31T13:06:47.000Z,31,3,43,70K,川普说习近平时伟大领袖，各位支持川普的中文观众，你们同意川普的意见么？,,
https://x.com/wangzhian8848/status/1984244311408709788,2025-10-31T13:01:23.000Z,32,8,266,176K,"台湾博主“麦狗886”在上海静安寺经营一家酒吧。他称去年就被警察叫去派出所，被要求不能举办万圣节活动，今年又有警察来他店里，不仅要求酒吧不能举办万圣节活动，还要求店里不准有万圣节元素的装扮。
 麦狗表示，以前万圣节，商家们都会都会有各式各样的活动，但从今年开始就不太倡导大家这样做",,
https://x.com/wangzhian8848/status/1984242752314577375,2025-10-31T12:55:12.000Z,88,152,2.9K,598K,10月31日，武汉黎黄陂路，有人身穿防疫服，cos大白。,,
https://x.com/wangzhian8848/status/1984243496694477013,2025-10-31T12:58:09.000Z,11,12,428,147K,10月31日，南京万象城商场。一名男子cos“核动力牛马”调侃当下中国社会（尤其是年轻人）中普遍存在的一种“打工人文化”和“过劳现象”。,,
https://x.com/wangzhian8848/status/1984243686834888929,2025-10-31T12:58:55.000Z,41,9,196,90K,澳门唯一仍专注于时政报道的独立媒体——《论尽》在面对政治压力与法律风险下，被迫宣布停刊的。《论尽》成立于2012年，由资深记者彭霭慈、吴小毅、陈丽静等人创办，该媒体一向强调“独立、不受政治或利益操控”，并同时经营网站、社交媒体与纸本月刊。,,
https://x.com/wangzhian8848/status/1984163236112167068,2025-10-31T07:39:14.000Z,137,20,237,211K,德媒《经济周刊》发表评论称，釜山中美首脑会晤的真正赢家是中国，因为北京只是暂停了自己新近发布的反制措施，却换来了美国真金白银的关税让步。相比之下，美国并未获得北京的任何结构性让步。中国的稀土出口管制只是“暂停”，随时可以重新启用，因此在战略上仍保有筹码。,,
https://x.com/wangzhian8848/status/1984162833349931082,2025-10-31T07:37:38.000Z,35,3,73,83K,"美国总统特朗普在川习会前，指示国防部「立即」开始测试美国的核子武器。
美国卡内基国际和平基金会研究员潘达（Ankit Panda）表示，如果美国真的朝恢复核试验的方向迈进，实际上等于给中国和俄罗斯许可，让它们能重新展开全面核试验，而这两个国家已经多年未这样做。",,
https://x.com/wangzhian8848/status/1984135919134494740,2025-10-31T05:50:41.000Z,94,11,142,82K,【郑丽文：没有放弃武力保台决心、我愿和习近平谈两岸和解、普京不是独裁者】,,
https://x.com/wangzhian8848/status/1984124924345413684,2025-10-31T05:06:59.000Z,111,24,190,140K,加拿大总理卡尼(Mark Carney)上任后的头六个月里，大部分时间都在试图说服美国降低对加拿大的钢、铝、木材等产品关税，鉴于迅速解决问题的希望已经破灭以及美加关系却陷入低谷。卡尼正把目光转向美国的头号竞争对手——中国。卡尼开始寻求与中国建立更紧密的经济联系。,,
https://x.com/wangzhian8848/status/1984124775078490233,2025-10-31T05:06:24.000Z,68,9,159,137K,习近平同特朗普在釜山举行会晤之后，法国国内新闻台30日发表一篇题为“误判中国之后  特朗普不得不向习近平让步”的评论文章。,,
https://x.com/wangzhian8848/status/1984095279201841589,2025-10-31T03:09:11.000Z,170,32,171,149K,【中国正在经济和工业领域碾压美国】ABC中文的报道指出，前几天，美国总统特朗普说：“让一个共产主义者掌权？听着，你只要回顾一下过去一千年，这种事发生过很多次，一千年了，从来没有成功过。”然而中国既是一个共产主义国家，又运行得相当不错，这是他和美国普遍不情愿也要面对的事实。,,
https://x.com/wangzhian8848/status/1984094586176991570,2025-10-31T03:06:26.000Z,45,13,171,253K,《人民日报》，在头版披露特朗普称习近平是强硬谈判者、将习近平送到红旗车前话别等中美元首会晤细节，报道由长期负责习近平新闻的人民日报社最年轻高层杜尚泽撰写。,,
https://x.com/wangzhian8848/status/1984094190868042189,2025-10-31T03:04:52.000Z,267,129,1.5K,1.1M,习近平和川普会晤的小本本曝光：昨天特朗普与习近平在韩国举行会晤，当媒体镜头拉近时，可以看到习近平“小本本”上的超大号字体，上面写着：“中美两国完全可以相互成就、共同繁荣。我多次公开讲，中美两国应当做伙伴、做朋友，这是历史的启示，也是现实的要求……”,,
https://x.com/wangzhian8848/status/1984065766292123696,2025-10-31T01:11:55.000Z,97,59,684,165K,一叶知秋！,,
https://x.com/wangzhian8848/status/1983923120286097498,2025-10-30T15:45:06.000Z,121,46,307,177K,"10月30日，四川成都，一名男子手持菜刀当街袭警，多次挥刀砍向警察。
  警方试图驾车撞击以制服该男子。接着一名警察持枪警告，随后多名手持盾牌的警察一拥而上，成功将其制服。",,
https://x.com/wangzhian8848/status/1983866859641602425,2025-10-30T12:01:32.000Z,139,1,84,116K,中美之间达成为期一年的贸易协定，你觉得：,,
https://x.com/wangzhian8848/status/1983865465324888389,2025-10-30T11:56:00.000Z,22,4,60,140K,今晚话题：习特会釜山落幕：中美达成一年协议，G2双巨头时代正式来临？｜大豆｜芬太尼｜稀土｜芯片｜APEC｜中美峰会｜王局拍案 20251030 https://youtu.be/xlX--VNgjEE?si=Opa0yw-jDCyeDdoq… 来自 @YouTube,,
https://x.com/wangzhian8848/status/1983827825682768259,2025-10-30T09:26:26.000Z,114,4,146,220K,这要是大陆身份不能恢复，就成了无国籍人士。一个大写的惨字。,@shangguanluan,上官亂
https://x.com/wangzhian8848/status/1983826709121225019,2025-10-30T09:21:59.000Z,72,73,339,170K,《华尔街日报》揭示了币安创办人赵长鹏如何通过与特朗普家族的加密货币业务往来，最终获得特朗普总统特赦的复杂过程。,,
https://x.com/wangzhian8848/status/1983826590653149652,2025-10-30T09:21:31.000Z,52,3,100,109K,"【特朗普与习近平会晤后削减对华关税】
特朗普表示，对中国进口商品征收的关税将从57%降至47%，其中与芬太尼前体化学品相关的关税将从20%减半至10%。
中国商务部：美方将暂停实施其对华海事、物流和造船业301调查措施一年。",,
https://x.com/wangzhian8848/status/1983826373753053455,2025-10-30T09:20:39.000Z,113,36,367,509K,特朗普：我与中国国家主席习近平举行了一次非常成功的会晤。我们两国之间有着深厚的相互尊重基础，而此次会晤无疑将进一步加深这种尊重。我们在许多方面达成了共识，其他一些至关重要的问题也即将得到解决。习近平主席授权中国开始大量采购大豆、高粱和其他农产品，我对此深感荣幸。我们的农民一定会非,,
https://x.com/wangzhian8848/status/1983795799072121003,2025-10-30T07:19:10.000Z,85,6,117,144K,该陆配应该是已经拿到中华民国护照了，但是因为言论依然被取消身份。,@wangzhian8848,王局志安
https://x.com/wangzhian8848/status/1983795189270425705,2025-10-30T07:16:44.000Z,63,7,97,229K,【陆配钱丽宣传武统陆委会：已废止台湾身分户籍】民进党立委王定宇今天表示，中配钱丽在台湾经营脸书解放军社团，鼓吹武统且检举台湾民众。陆委会副主委沉有忠说，移民署8月25日已废止钱丽的台湾身分与户籍。,,
https://x.com/wangzhian8848/status/1983794918486421978,2025-10-30T07:15:40.000Z,174,63,373,265K,"纽约时报刊登专栏作者纪思道的文章：《特朗普不只是输掉了与中国的贸易战》
纪思道在文中称，特朗普在四月宣布“解放日”关税政策时，误判了中美经济依存结构。他以为中国更依赖美国出口，却忽略了美国在稀土领域对中国的深度依赖。",,
https://x.com/wangzhian8848/status/1983783833121251352,2025-10-30T06:31:37.000Z,92,14,198,190K,"特朗普返美途中在空军一号飞机上受访时说，中国将增加对美国的投资。当被问及会晤从1到10分打多少分时，特朗普回答说：12分。
 特朗普还说：这次会晤是“一次巨大的成功”",,
https://x.com/wangzhian8848/status/1983781259102019850,2025-10-30T06:21:23.000Z,361,51,898,560K,"人民日报小编在报道习近平与特朗普会晤有关的新闻时，将习近平写成了“习近乎”
截至目前发文，人民日报已将错别字修改。

不知道小编会不会被开掉。",,
https://x.com/wangzhian8848/status/1983780785414164550,2025-10-30T06:19:30.000Z,53,9,127,174K,特朗普表示，中国在稀土问题上“不再设置障碍”特朗普在接受记者采访时表示，“所有与稀土相关的问题都已经解决——这不仅仅是美国的问题，而是一个全球性的问题。”他补充道：“中国方面现在已经不再有任何阻碍。”,,
https://x.com/wangzhian8848/status/1983748055175459221,2025-10-30T04:09:27.000Z,143,31,333,225K,中美元首会晤结束，历时一小时四十分钟，此前特朗普预计四小时。实际会晤时间不到特朗普预期的一半。,,
https://x.com/wangzhian8848/status/1983731309597094245,2025-10-30T03:02:54.000Z,58,11,168,215K,【川习会登场前川普指示国防部立即展开核武测试】特朗普今天在韩国与习近平会面，就在川习会登场不久前，特朗普宣布他已指示国防部「立即」开始测试美国的核子武器，以回应对手国家的核试验。,,
https://x.com/wangzhian8848/status/1983719549842375069,2025-10-30T02:16:11.000Z,117,25,227,195K,国际关系期刊《外交事务》28日刊出专文，主张台海战争风险已达到「惊人高度」，并向即将会晤的美国总统特朗普与中国国家主席习近平提出一项「台海休战」倡议，呼吁双方应启动谈判，通过互换关键保证来降低战争风险。,,
https://x.com/wangzhian8848/status/1983719412034367625,2025-10-30T02:15:38.000Z,71,14,254,240K,中国国家主席习近平星期四上午抵达韩国，将出席亚太经合组织第三十二次领导人非正式会议并对韩国进行国事访问。陪同出访的有：中共中央政治局常委蔡奇，外交部部长王毅，国务院副总理何立峰等。,,
https://x.com/wangzhian8848/status/1983525102181556386,2025-10-29T13:23:31.000Z,26,5,69,141K,今日话题：英美联手摧毁杀猪盘帝国，柬埔寨太子集团的陈志何许人也？｜电信诈骗｜洪森家族｜比特币｜美国司法部｜王局拍案 20251029 https://youtu.be/V5ZnGpFc7DU?si=7Umcv905CjleIGmy… 来自 @YouTube,,
https://x.com/wangzhian8848/status/1983509160416235984,2025-10-29T12:20:10.000Z,98,1,127,153K,我究竟做错了什么？,@realtalk634,صّابريِنِ
https://x.com/wangzhian8848/status/1983506414313123860,2025-10-29T12:09:15.000Z,323,26,804,380K,感觉安倍和特朗普打交道，还是能基本维持平等关系，现在的首相，刚上任第一个接待来访的就是美国大统领，的确有些失态了。又是挽着胳膊又是笑成一朵花，特朗普也有点儿太拿范儿，该敬礼的地方直接就走了，他要是见习近平，敢这么吊儿郎当么？,,
https://x.com/wangzhian8848/status/1983465845000208597,2025-10-29T09:28:03.000Z,78,11,142,191K,人民日报今天继续加强文攻宣传，刊登张学良姪孙李大壮的「以史为鉴，走和平融合之道—我的两岸见闻与思考」文章。李大壮认为，台湾光复是「中华民族洗刷百年屈辱的重要标志，是中国政府恢复对台湾行使主权的重要铁证」。,,
https://x.com/wangzhian8848/status/1983466118749782378,2025-10-29T09:29:08.000Z,78,14,137,144K,"赖清德总统29日说，台湾要坚定地“反吞并、反侵略、反对推进统一”，这也是赖清德首度公开表达“反对推进统一”的态度。
 赖清德主持2025年11月份将官晋任授阶典礼时强调，强化国防不是挑衅，是为了维持现状，守护台湾的民主与生活方式，投资国防就是投资和平。",,
https://x.com/wangzhian8848/status/1983465640259379438,2025-10-29T09:27:14.000Z,53,6,150,182K,"中国国企中粮集团本周购买了三批美国大豆，这是中国在特朗普和习近平本周举行峰会前，首次采购今年收获的美国大豆。
消息人士称，中粮此次共采购约18万吨大豆，计划于12月至明年1月期间，通过美国太平洋西北港口发运。",,
https://x.com/wangzhian8848/status/1983438935515902042,2025-10-29T07:41:07.000Z,295,86,467,259K,"WSJ：中国选择继续以科技与制造业为核心驱动力，而非优先改善民生和刺激内需。北京在26年至30年的发展蓝图中，号召全国动员，采取“超常规措施”在半导体等关键技术上实现决定性突破，以加快科技自立自强进程。
 纽约咨询公司22V",,
https://x.com/wangzhian8848/status/1983438246857322621,2025-10-29T07:38:23.000Z,45,3,103,98K,"【习近平将同美国总统特朗普举行会晤】 
外交部发言人宣布：经中美双方商定，国家主席习近平将于当地时间10月30日在韩国釜山同美国总统特朗普举行会晤，就中美关系和双方共同关心的问题交换意见。",,
https://x.com/wangzhian8848/status/1983141124878303331,2025-10-28T11:57:43.000Z,70,5,94,157K,今晚话题：郑智化深圳机场登机事件，为何“反转”，真的反转了么？｜身障人士｜连滚带爬｜无障碍设施｜王局拍案 20251028 https://youtu.be/j4-aOcJzbAI?si=sZvzr0CBQJQhIv-_… 来自 @YouTube,,
https://x.com/wangzhian8848/status/1983136547638562970,2025-10-28T11:39:32.000Z,268,13,320,217K,澎湖海战，即将上映。,,
https://x.com/wangzhian8848/status/1983131472212144586,2025-10-28T11:19:22.000Z,83,21,226,167K,财新网：根据《中国民航局残疾人航空运输管理办法》，机场在无法使用廊桥时应提供登机协助。深圳机场安排登机车和工作人员协助登机，形式上符合规定。,,
https://x.com/wangzhian8848/status/1983102925053513815,2025-10-28T09:25:56.000Z,173,60,552,170K,"一名女子轮椅游美国：火车大巴配备轮椅升降机；火车还有无障碍厕所；打车可以选择带有坡道的无障碍车型；
 另一名台湾男子分享了坐轮椅搭机的经验，工作人员将自己推到机舱后，再改换过道轮椅上飞机，从机场到上飞机全程都有工作人员陪护",,
https://x.com/wangzhian8848/status/1983101079886934091,2025-10-28T09:18:36.000Z,75,7,235,211K,我和习近平定期微信联系知道么？,@ZJCHENNN,LaLa
https://x.com/wangzhian8848/status/1983097971656011975,2025-10-28T09:06:15.000Z,55,7,195,167K,重庆曾经是中华民国陪都，现在也属于中华民国宪法规定的疆域，是中华民国神圣领土不可分割的一部分。有什么问题么？,@BAX7393457,红
https://x.com/wangzhian8848/status/1983082952327344349,2025-10-28T08:06:34.000Z,107,5,172,200K,看起来重庆警方准备跨省。,@wangzhian8848,王局志安
https://x.com/wangzhian8848/status/1983075184698388849,2025-10-28T07:35:42.000Z,135,8,184,334K,重庆警方立案侦查台湾民进党立委沈伯洋，并指他通过发起建立“台独”分裂组织“黑熊学院”等方式从事分裂国家犯罪活动。,,
https://x.com/wangzhian8848/status/1982589303906820379,2025-10-26T23:24:59.000Z,177,17,213,258K,"台湾歌手郑智化25日在微博发文控诉深圳机场“对残疾人是最没人性的”，连操纵升降车的司机都不顾他的安全，不把升降板提高，还“冷眼看着我连滚带爬进飞机”
 从他的短文可以得知，",,
https://x.com/wangzhian8848/status/1982956373483864351,2025-10-27T23:43:35.000Z,24,14,173,100K,医疗科普作家李清晨：一个社会的文明程度取决于它如何对待弱势群体，无论从哪个角度来说，郑先生的呼吁都将对公共服务有促进作用，我们没有任何理由认为，目前的公共服务水平已经好得不能再好，好到没有继续提高的必要了。,,
https://x.com/wangzhian8848/status/1983067455095238933,2025-10-28T07:04:59.000Z,23,3,74,51K,网友“石扉客”说，最近杵拐杖让他深刻体会到中国不能算是一个对残疾人友好的地方，大部人也没有照顾残疾人的意识。所以“庞大的和执政党群体数量相当的残疾人群体，大部分都只能缩在家里，因为出门太不方便了，没有尊严”,,
https://x.com/wangzhian8848/status/1983003496711630913,2025-10-28T02:50:50.000Z,89,34,233,161K,WSJ：Sibylline的团队认为，没有台积电的芯片，美中都无法赢得AI竞赛，这为围绕台湾的战略争夺埋下了伏笔。而这场争夺可能给全球带来灾难性后果。,,
https://x.com/wangzhian8848/status/1982999692318584988,2025-10-28T02:35:43.000Z,83,15,159,156K,路透社引述四名了解荷兰政府想法的海牙消息人士说，荷兰政府在9月决定接管晶片制造商安世半导体（Nexperia），是因为担心这家公司前首席执行官已经拆解公司的欧洲业务，并将生产转移至中国。,,
https://x.com/wangzhian8848/status/1982995427273384180,2025-10-28T02:18:46.000Z,205,6,104,93K,「川习会」定于30日举行。前美国众议院议员加拉格尔 (Mike Gallagher) 今天表示，特朗普具即兴发挥的独特优势，面对媒体镜头完全不畏惧；而习近平及中共缺乏幽默感又脆弱，连小熊维尼相关的宣传都畏惧，「从这个角度来看，特朗普的风格反而可能在这样的互动中占优势。」,,
https://x.com/wangzhian8848/status/1982976553073230291,2025-10-28T01:03:46.000Z,764,86,1.9K,967K,"感觉这一年来，大陆明显开始为统一台湾做一系列舆论准备了。从影视剧沉默的荣耀，澎湖海战，到近期新华社人民日报的一系列发文。

台湾不要以为大陆整肃军队内部，就会耽误统一时间表。中共是一个组织力和执行力都很强的政党，一但制定了目标，很少会被暂时因素阻碍。",,
https://x.com/wangzhian8848/status/1982974618215625038,2025-10-28T00:56:05.000Z,169,12,367,290K,话说蔡霞老师现在了得，习近平不知道的事情，她都一清二楚。,@wangzhian8848,王局志安
https://x.com/wangzhian8848/status/1982974372794278252,2025-10-28T00:55:07.000Z,15,4,61,448K,中共四中全会落幕：军队反腐肃穆，习近平亲批“十五五”！｜习下张上｜第三代核心｜张升民｜旷课缺席｜十五五规划｜中等发达国家｜王局拍案 20251027 https://youtu.be/dXvAxwJoURE?si=pY2VmksxzBEdTg9C… 来自 @YouTube,,
https://x.com/wangzhian8848/status/1982957735613477033,2025-10-27T23:49:00.000Z,9,3,82,56K,10月27日，郑智化再次回应，他表示“连滚带爬”是自己登机过程不顺，一时气氛的谴词，并就此道歉。他还称赞帮自己推轮椅的小哥服务非常好，并向机场的服务人员致谢。,,
https://x.com/wangzhian8848/status/1982955786688180425,2025-10-27T23:41:15.000Z,185,195,2.5K,1.1M,"李克强逝世两周年，一位网友称：“本来想去(李克强故居) 送束花的，跑了几个地方都有人看着，别说送花了，手机都不让掏。最后买了三根合肥烟，点三根，以示纪念” 这篇帖子随即被平台删除。
 另一名博主当天在微博上发布了一张李克强13岁时的照片，不久后也被平台删除。",,
https://x.com/wangzhian8848/status/1982788393689088319,2025-10-27T12:36:06.000Z,67,31,295,268K,"媒体《抱朴财经》：“神话”破灭：曾被称中药茅台，一粒能炒高到1600元的片仔癀，而且还买不到。
如今，价格暴跌、公司市值暴跌1800亿，有商家售卖价格为575元/粒。",,
https://x.com/wangzhian8848/status/1982786447628538340,2025-10-27T12:28:22.000Z,70,17,209,165K,"中国过去两周发生至少五起新能源汽车起火事故，令相关安全问题再受关注。专家：新能源车一旦着火，火灾强度远超传统燃油车。
陕西西安一辆保时捷Taycan电动车24日在未发生碰撞的情况下突发自燃，车身被大火吞没后只剩框架，所幸未造成人员伤亡。",,
https://x.com/wangzhian8848/status/1982785752896532575,2025-10-27T12:25:36.000Z,78,61,644,342K,经济学人团队对2013年以来的习近平的1万4000多篇演讲、文章和谈判进行分析，主要参考媒体为《人民日报》。相较中文版圣经不到100万的字数，习近平的演讲资料库已经超过2千万字。,,
https://x.com/wangzhian8848/status/1982783182950076553,2025-10-27T12:15:23.000Z,459,54,361,310K,10月27日，新华社发表钟台文署名文章《两岸关系发展和统一利好》文章称，统一后，有强大祖国作为后盾，台湾同胞民生福祉会更好，发展空间会更大，更加安全、更有尊严，在国际上腰杆会更硬、底气会更足，台湾将永保太平，民众将安居乐业。我们有能力让14亿多人民过上好日子，也完全有能力同台湾同胞一起,,
https://x.com/wangzhian8848/status/1982709450134941733,2025-10-27T07:22:24.000Z,37,5,125,85K,还有一些博主表示，郑智化深圳机场事件反映了国内服务业对于残疾人的关注不足，他的抱怨原本可以推动无障碍设施建设。让更多的人去关注残疾人群体。结果仅仅因为“连滚带爬”这四个字形容不够精确和其是台湾人的身份而遭到网暴。,,
https://x.com/wangzhian8848/status/1982699724340670937,2025-10-27T06:43:45.000Z,27,3,53,45K,"【美财长贝森特“叫苦”原因是中国暂停买美国大豆】周日，美国广播公司《本周》节目记者问：“您是否看到隧道尽头的光？中国是否可能重新允许进口美豆？”
 贝森特：“如果你不知道的话，我其实是一名大豆农民，所以我也感受到了这种痛苦。”",,
https://x.com/wangzhian8848/status/1982699308433702917,2025-10-27T06:42:06.000Z,57,18,317,207K,"中国官方通报，中共湖北省委原书记蒋超良因大搞权钱交易、家族式腐败、搞迷信活动等被“双开”
 新冠疫情2020年初在湖北暴发时，蒋超良是湖北省委书记。他在同年2月被免职，成为因疫情仕途受挫的最高级别官员。一年半后，他在2021年8月转任全国人大农业与农村委员会副主任委员，外界原以为他已平安落地。",,
https://x.com/wangzhian8848/status/1982647288758751366,2025-10-27T03:15:24.000Z,48,6,107,89K,"美国学者金莱尔4年前曾与现任美国国防次长科尔比就「美国能否守住台湾」进行线上辩论。
反方阵营成员科尔比（Elbridge",,
https://x.com/wangzhian8848/status/1982646947988259145,2025-10-27T03:14:02.000Z,29,4,110,121K,原中国人民解放军海军指挥学院政委夏志和，据报已经接替钟绍军担任中国国防大学政委。,,
https://x.com/wangzhian8848/status/1982646579120230570,2025-10-27T03:12:34.000Z,186,8,228,235K,【美国两架海军军机星期天（10月26日）分别坠毁在南中国海】第一起坠机事件涉及一架MH-60R“海鹰”直升机。根据美国海军太平洋舰队的声明，这架直升机在“尼米兹”号航空母舰进行例行操作时坠入南中国海。,,
https://x.com/wangzhian8848/status/1982588903493378217,2025-10-26T23:23:23.000Z,123,13,162,173K,【贝森特称中国将推迟一年实施稀土规则，并购买美国大豆】美国财长贝森特周日受访时表示，他预计中国将在几年内恢复大量购买美国大豆，并把扩大稀土许可制度的期限推迟一年。,,
https://x.com/wangzhian8848/status/1982588663717597568,2025-10-26T23:22:26.000Z,42,10,157,142K,【中国贸易代表暗批美国：近来中美经贸震荡非中方所愿】出席吉隆坡中美贸易谈判的中国商务部副部长李成钢，今天在谈判后不忘暗批美国说：过去1个月中美经贸关系「出现了一些震荡和波动」，中方「诚信、认真落实」经贸磋商达成的共识安排，「悉心呵护」来之不易、相对稳定的中美经贸合作关系，「出现这,,
https://x.com/wangzhian8848/status/1982405735402348600,2025-10-26T11:15:33.000Z,106,30,319,176K,亚洲事务主管金莱尔撰写的文章将赖清德称总统为“鲁莽的领导人”后他遭到一些网民的批评和指责。25日，金莱尔发推文回应，美国人已经厌倦了卷入他人家庭纠纷而陷入“无休止的战争”，不太可能为了拯救陷入困境的中华民国而发动战争，尤其是在涉及核风险的情况下，而核风险是不可避免的。但如果台湾领导人考,,
https://x.com/wangzhian8848/status/1982404116136841362,2025-10-26T11:09:07.000Z,337,52,461,383K,CNN报道，中国最新航母「福建号」预计很快将举行入列仪式，但两位前美国航母军官观察，福建号的飞行甲板布局限制了战机起降速度，其空中作战能力可能仅达服役50年的美军航母「尼米兹号」的60%左右。,,
https://x.com/wangzhian8848/status/1981014757894406472,2025-10-22T15:08:18.000Z,169,98,591,386K,10月22日傍晚，十堰市重庆路小学外，一辆轿车径直冲向路边的人群，由于事发时正值学生放学，现场一片狼藉，多名学生被撞倒地不起，其中一名学生心脏停止跳动，医护人员正为其做心肺复苏。,,
https://x.com/wangzhian8848/status/1982341143938703478,2025-10-26T06:58:53.000Z,5,5,68,69K,媒体《水瓶纪元》报道了10月22日发生在湖北十堰重庆路小学门口的恶性撞人事件的经过、现场情况、家长目击、官方应对与社会反应。截至目前发文，该文章已被平台删除。,,
https://x.com/wangzhian8848/status/1982341265103737277,2025-10-26T06:59:22.000Z,2,2,56,53K,报道被删除,,
https://x.com/wangzhian8848/status/1982322743065665939,2025-10-26T05:45:46.000Z,74,38,362,182K,【多起死亡事件后，一批中药注射液或被淘汰】国家药监局、国家卫健委和国家中医药局近日联合发布征求意见稿，要求2019年《药品管理法》实施前上市的中药注射液全部开展上市后再评价，提出“主动评价一批、责令评价一批、依法淘汰一批”被认为是史上最严监管措施。,,
https://x.com/wangzhian8848/status/1982314002886828392,2025-10-26T05:11:02.000Z,35,6,127,156K,这是好事,@HotmailfromSH,Dr.Wang
https://x.com/wangzhian8848/status/1982310946103271474,2025-10-26T04:58:53.000Z,119,12,342,297K,还跪下了,@wangjupaian,王局拍案
https://x.com/wangzhian8848/status/1982308133830898066,2025-10-26T04:47:43.000Z,97,16,135,130K,【卢比奥：美国不会为与中国达成协议而放弃台湾】美国国务卿卢比奥周六表示：“如果有人担心我们会为了达成一项贸易协议，或者换取某种优惠待遇而放弃台湾，那是绝不可能发生的”,,
https://x.com/wangzhian8848/status/1982301711747436749,2025-10-26T04:22:12.000Z,90,24,247,174K,【彭博：为了获得稀土，德国企业不得不向中方披露敏感信息】北京于10月9日下令进一步加强管控稀土出口，这给一些依赖中国稀土的德国企业带来严重影响。新规定要求，外国企业须提交大量申请材料才能获得为期六个月的稀土进口许可证。,,
https://x.com/wangzhian8848/status/1982301644239904913,2025-10-26T04:21:56.000Z,14,4,53,61K,【受访学者认为，北京将“和平统一”镶嵌在民族复兴目标中，暗示正推动2049年的统一时间表。】中国大陆25日举办纪念台湾光复80周年大会，王沪宁重申大陆将坚持“和平统一”“一国两制”方针，并强调实现中华民族伟大复兴与两岸人民前途命运息息相关，“进入了不可逆转的历史进程”,,
https://x.com/wangzhian8848/status/1982300769392210061,2025-10-26T04:18:27.000Z,150,9,251,179K,同意，中国台湾，互不隶属，一边一国，清晰无比，台湾国民，揭竿而起，推翻民国，早日宣布，以匡正义。,@Yaita_Akio,矢板明夫
https://x.com/wangzhian8848/status/1982251906157396402,2025-10-26T01:04:17.000Z,19,7,116,108K,"警方通报：现已查明陈某(男，48岁) 以危险方法危害公共安全，造成1人死亡，4人伤情比较重，多人轻微伤。
 媒体《水瓶纪元》报道：刘静23日上午送孩子上学时，发现现场被打理的极其整洁，翻看《十堰晚报》没有发现任何她想知道的信息。",,
https://x.com/wangzhian8848/status/1982252131680719224,2025-10-26T01:05:11.000Z,2,2,34,42K,补充信息,,
https://x.com/wangzhian8848/status/1982061885404201320,2025-10-25T12:29:13.000Z,171,12,601,129K,庆祝中华民国光复节，吃点儿好的。,,
https://x.com/wangzhian8848/status/1981929206742438344,2025-10-25T03:42:00.000Z,201,19,222,265K,让台湾人自豪滴说我是中国人，这一点可不容易。需要两点：第一、课纲和历史叙事要修改，以中国人的历史叙事为主体。过去两蒋时期如此，但自从李登辉时代，台湾课纲逐渐变化，已经变成了台湾为主体的历史叙事，这个对文化认同产生的影响是巨大的。2、两岸之间需要相对友好的气氛。目前来看，这两点都不,@wangzhian8848,王局志安
https://x.com/wangzhian8848/status/1981927813327495633,2025-10-25T03:36:27.000Z,54,5,141,140K,据港媒报道，近日香港立法会选举提名期临近，多名现任议员宣布弃选，立法会或将迎来一场「大换血」。截至今日已有23名议员放弃连任，达到全体现任议员的四分之一以上。,,
https://x.com/wangzhian8848/status/1981927450109149592,2025-10-25T03:35:01.000Z,50,11,98,320K,媒体「震传媒」今日公布最新民调，就郑丽文曾发表「以中国人自豪」言论，62.1%受访者表示不认同；24.5%表示认同。其中，国民党支持者中，61.3%表示认同，33.7%表示不认同；民进党支持者中，88.8%表示不认同；民众党支持者中，有60.9%表示不认同。,,
https://x.com/wangzhian8848/status/1981926354745499977,2025-10-25T03:30:40.000Z,41,4,126,94K,"黄国昌越来越认真地想选新北，黄的目标志存高远。目前民众党柯文哲深陷诉讼中，黄国昌危难之际担任民众党主席，但是，他的声望还远远比不上柯文哲。

柯文哲当年利用民进党对他的支持，匹马单枪选台北市长，这是他政治生涯的起点，也正是因为这个高起点，造就了其后柯文哲成立民众党，竞选总统。",,
https://x.com/wangzhian8848/status/1981891707496194548,2025-10-25T01:12:59.000Z,114,23,550,135K,庆祝中华民国台湾光复节，今天拍案休息一天，晚上吃点儿好的！,,
https://x.com/wangzhian8848/status/1981654689105023093,2025-10-24T09:31:09.000Z,60,71,461,182K,媒体人项栋梁发文指出，自第十批药品集采以来，多款“超低价中标”的药品相继被查出质量不合格、生产违规等问题。,,
https://x.com/wangzhian8848/status/1981654417234673908,2025-10-24T09:30:05.000Z,115,32,383,293K,"WSJ：中国领导人习近平持续不断的清洗行动已导致中央最高权力阶层人数大幅缩减，同时巩固了他的权威。这一新现实体现在最近一次中共高层会议上，参会的党内精英人数之少为几十年来所罕见。
 在本届中央委员会三年前开始任期时的376名委员中，有近六分之一缺席了本周为期四天的全体会议。",,
https://x.com/wangzhian8848/status/1981654110777827677,2025-10-24T09:28:52.000Z,189,34,352,271K,【美国《时代》杂志：赖清德总统是“鲁莽的领导人”】《时代》杂志23日刊登的一篇文章称，在中东局势紧张、俄乌战争持续的背景下，人们很容易忘记，台湾才是当今世界最危险的引爆点。而一系列因素让台海局势更加不稳定，日益升级的风暴核心，是台湾新上任且行事强硬的领导人赖清德。,,
https://x.com/wangzhian8848/status/1981610184259858771,2025-10-24T06:34:19.000Z,108,7,151,129K,"日本自民党与日本维新党在联合执政协议中，拟修改日本宪法第9条。
 日本宪法第9条主要内容包括，放弃战争、不维持武力、不承认交战权，因此使这部宪法称为「和平宪法」。",,
https://x.com/wangzhian8848/status/1981569291058377157,2025-10-24T03:51:49.000Z,171,23,188,138K,德媒《世界报》发表评论称，德国工业对中国原材料的高度依赖已经到了极其危险的地步，而北京也正在毫无顾忌的将这种依赖关系作为施压的地缘政治武器。德国经济陷入今天这样的尴尬境地，完全是咎由自取。多年来，对中国的过度依赖早晚会成为一场噩梦的警告不绝于耳，但企业界高管们却对此置若罔闻。德国,,
https://x.com/wangzhian8848/status/1981497994106327387,2025-10-23T23:08:30.000Z,63,17,190,239K,中央军委纪委书记张升民在四中全会上升任中央军委副主席，成为星期四（10月23日）闭幕的中共二十届四中全会上提拔的唯一军队高级将领。除张升民外，四中全会没有增补新的中央军委委员，表明解放军高层人事变动仍未完成，,,
https://x.com/wangzhian8848/status/1981259552529273076,2025-10-23T07:21:02.000Z,28,5,123,146K,截至目前发文，微博话题#十堰市重庆路小学车祸#被平台封禁。,,
https://x.com/wangzhian8848/status/1981497648558592351,2025-10-23T23:07:08.000Z,8,5,130,121K,"10月23日，十堰市重庆路小学周围恢复了以往的平静，彷佛车祸不曾发生过一样，当天放学时间段，事发的十字路口有几名警察站岗维护治安。
 附近的汉江实验学校，几名身穿制服工作人员站在校门口维护治安。",,
https://x.com/wangzhian8848/status/1981497129609953672,2025-10-23T23:05:04.000Z,85,30,232,190K,"WSJ：美国总统特朗普赦免了被定罪的币安创始人赵长鹏。数月来赵长鹏一直在努力支持特朗普家族旗下的加密公司。知情人士称，总统于周三签署了赦免令，特朗普最近还向顾问表示，他对与赵长鹏和其他人相关的政治迫害论调表示同情。
 白宫新闻秘书莱维特表示，特朗普",,
https://x.com/wangzhian8848/status/1981369552429862985,2025-10-23T14:38:08.000Z,113,22,304,326K,"中共第十九届五中全会公报。会议表述是“坚持以人民为中心”
而今年的二十届四中全会公报，并未提到“以人民为中心”而是重提“以经济建设为中心”",,
https://x.com/wangzhian8848/status/1981364969628406092,2025-10-23T14:19:55.000Z,367,73,884,753K,【张雪峰解禁复播后称文科大有可为】10月22日晚上，张雪峰全平台解禁，在抖音账号“张雪峰讲升学规划”恢复了直播，超4万人在线。他观点转变了，称文科专业“广阔天地，大有可为”，可以从事很多职业 “太多了，说不过来了”,,
https://x.com/wangzhian8848/status/1981364682159247682,2025-10-23T14:18:46.000Z,320,26,246,233K,台湾陆委会今天发布最新民调：76.7%民众支持赖清德总统于国庆演说中，呼吁北京放弃以武力及胁迫方式改变台海现状；75.5%民众支持加速打造「台湾之盾」。79.4%民众赞成「中华民国与中华人民共和国互不隶属，台湾也不是中国的一部分，中共当局没有权利侵犯台湾」说法；,,
https://x.com/wangzhian8848/status/1981363857064153164,2025-10-23T14:15:30.000Z,129,17,322,197K,记者问对国台办新开的脸书账号有什么看法。 陆委会发言人梁文杰表示：中国大陆国台办可以在脸书开设官方账号，让台湾人看到；而陆委会显然不可能在微博开设官方账号，因为可能一下子就被封锁，这就是两边制度的差异，以及对言论控制的差异。,,
https://x.com/wangzhian8848/status/1981358465185698115,2025-10-23T13:54:04.000Z,34,5,75,127K,今晚话题：神农架惊现“残障野人群”，为奴十余年，为何无人问？｜蓄奴圈养｜神农架野人｜上官正义｜黑砖窑｜强迫劳动｜王局拍案 20251023 https://youtu.be/oHzl4fTtyfw?si=lzVvL7rWhzuQTigR… 来自 @YouTube,,
https://x.com/wangzhian8848/status/1981318964652425555,2025-10-23T11:17:06.000Z,33,8,122,103K,纽约时报报道了来自重庆的42岁建筑公司经理陈睿，因模仿美国总统特朗普而走红中外社交媒体的经历，他被网友称为“中国特朗普”。陈睿说他从未去过美国，但通过看美剧自学英语，并模仿特朗普的语气、手势和神态，用幽默而非政治化的方式创作短视频，在抖音上积累了超百万粉丝。,,
https://x.com/wangzhian8848/status/1981318500376596675,2025-10-23T11:15:16.000Z,42,3,120,159K,二十届四中全会公报发布，增补张升民为中央军委副主席，并对多名中央委员、军队将领作出开除党籍处分。,,
https://x.com/wangzhian8848/status/1981318083848655051,2025-10-23T11:13:36.000Z,33,26,198,156K,"在中共二十大上当选的205名中央委员中，军方的中央委员有44人。截止到四中全会时，被开除党籍和军籍的已达11人，这意味着落马比例达到了25%。
 这轮被处理的将领中最核心的人物是何卫东。何卫东是近60年来首位在任期间遭到清洗的军委副主席。上一次军委副主席在任期间落马，要追溯到文革时期的贺龙。",,
https://x.com/wangzhian8848/status/1981252493192601687,2025-10-23T06:52:58.000Z,37,5,135,82K,【美国解除了对乌克兰使用西方远程导弹的限制】美国官员周三表示，特朗普政府已取消对乌克兰使用西方盟友所提供部分远程导弹的一项关键限制。此举让基辅方面得以加强对俄罗斯境内目标的攻击，并让克里姆林宫面临更大压力。,,
https://x.com/wangzhian8848/status/1981251977234591930,2025-10-23T06:50:55.000Z,49,23,227,130K,华裔商人佘智江因涉嫌运营非法跨境赌博在泰国被捕，将被引渡回中国，他提出上诉，称《跨国引渡法2008》违反泰国宪法。泰国宪法法院星期三一致裁定，《跨国引渡法》不违宪。此裁决将为佘智江引渡回中国的程序提供法律依据。,,
https://x.com/wangzhian8848/status/1981251180740452844,2025-10-23T06:47:46.000Z,28,3,46,51K,10月22日，争议漩涡中心的蔡国强在法国巴黎蓬皮杜艺术中心上演《最后的狂欢》烟火秀。视频显示，现场聚集了不少围观民众，绚丽的烟花爆炸后现场弥漫着滚滚浓烟，久久未能散去，就连周围街道也被笼罩在烟雾里。,,
https://x.com/wangzhian8848/status/1981178914480542071,2025-10-23T02:00:36.000Z,60,26,170,123K,由韩美日等11国组成的多边制裁监测组（MSMT）发布报告称，朝鲜自去年1月至今年9月间，通过黑客组织窃取了约28.4亿美元虚拟资产，其中仅今年的窃取规模就达到约16亿5000万美元。,,
https://x.com/wangzhian8848/status/1980843646233768351,2025-10-22T03:48:22.000Z,51,6,122,129K,中国政府周三表示，中国将举行纪念台湾“光复”80 周年大会。消息人士告诉路透社，该活动将于本周末在北京人民大会堂举行。 国台办发言人朱凤莲表示，台湾光复是“全体中华儿女共同抗战胜利的重要成果”,,
https://x.com/wangzhian8848/status/1981178781433020586,2025-10-23T02:00:04.000Z,42,6,175,87K,"中国大陆国台办宣布在脸书开设官方账号，上万名台湾网民在国台办最新的视频刷「于朦胧怎么死的」「8964」等评论。
 还有人留言质疑中国大陆国台办带头「翻墙」，「你们是来感受言论自由的吗」、「你们要不要开放你们国家人民翻墙来帮你们赞声」；更有人语带嘲讽地说，「欢迎来到自由世界」",,
https://x.com/wangzhian8848/status/1981178339554639950,2025-10-23T01:58:19.000Z,114,22,173,168K,"路透社： 知情人士称，美国政府考虑限制全球向中国出口任何含有美国软件的产品，从笔记本电脑到喷气发动机等产品都可能受到影响。此举是对北京方面本月早些时候扩大稀土矿物出口限制的报复。
 该措施一旦实施，可能会扰乱全球供应链和国际贸易，因为大多数制成品都依赖美国软件。",,
https://x.com/wangzhian8848/status/1981178467770388747,2025-10-23T01:58:49.000Z,2,2,59,52K,"中国报复美国再出招。中国要求一些美国半导体公司提交其在全球最大芯片市场——中国的销售情况及其他敏感信息。
 报道指出，中国商务部贸易救济调查局正在对美国制造的模拟集成电路芯片（Analog IC）展开反倾销调查，涉及企业包括德州仪器（Texas Instruments）和亚德诺半导体（Analog",,
https://x.com/wangzhian8848/status/1981178165235241417,2025-10-23T01:57:37.000Z,75,7,176,186K,特朗普星期三在白宫告诉记者：“我认为习近平可以对普京产生重大影响……你看，他是一位受人尊敬的人。他是一位非常强大的领导人，一个非常强大的国家。是的，我认为他能产生很大的影响。我们肯定会谈论俄乌问题。”,,
https://x.com/wangzhian8848/status/1981015050493264066,2025-10-22T15:09:28.000Z,23,24,240,219K,现场来了数十辆救护车,,
https://x.com/wangzhian8848/status/1980926214174036115,2025-10-22T09:16:27.000Z,81,14,158,209K,新华社背景的微信公众号《牛弹琴》22日发表文章，分析中国对高市早苗当选日本首相后的反应。文章指出，中国未公开祝贺高市上任，仅由外交部发言人郭嘉昆在记者会上以“日本内部事务”回应，并特别强调日方须“信守在历史、台湾等重大问题上的政治承诺”。这句话的「份量非常重」，并且意在「划清红线」，提,,
https://x.com/wangzhian8848/status/1980844120974483788,2025-10-22T03:50:15.000Z,111,13,193,215K,特朗普期待与北京达成贸易协议，但不一定与习近平会晤。特朗普周二表示，“我们会达成一项公平的协议，我认为这将是一次非常成功的会晤。当然，很多人都在期待着这一点。”但他随后补充道：“这也许不会发生。因为会发生这样的事情--比如有人会说‘我不想见你了，你太咄咄逼人了’。其实并不咄咄逼人的。”,,
https://x.com/wangzhian8848/status/1980843838500663647,2025-10-22T03:49:08.000Z,19,2,36,59K,陆委会主委邱垂正昨日强调，中国大陆是台海及亚太区域和平稳定最大威胁，在中共领导人习近平统治下，「集体领导」朝向「高度集权领导」、「一人统治」发展；鼓吹狂热民族主义、追求军事霸权；运用战狼外交企图掌握国际事务与规则主导权。,,
https://x.com/wangzhian8848/status/1980820352503791668,2025-10-22T02:15:48.000Z,189,69,747,763K,10月21日，亮亮丽君起诉烂尾楼退房退款一审败诉。亮亮丽君于2021年在郑州买了融创的房子，首付42万元，贷款102万元，利率年化6.27%，月供6293元。总利息高达122万元。本息合计266万元（其中大半部分是房贷利息），要供30年。2022年融创暴雷楼盘停工，2023年亮亮丽君因为讨要购房款返佣而逐渐成为网红，,,
https://x.com/wangzhian8848/status/1980819239364862144,2025-10-22T02:11:23.000Z,34,30,149,119K,【多款知名进口药将退出国内市场，涉抗过敏、降糖及肿瘤药】国家药监管局近日发布公告，宣布注销80个药品注册证书。这意味着，相关药品将在中国市场停止生产与销售。此次注销均为企业主动申请，并非因药品存在安全问题而被吊销。此次注销的药品中，超过55%来自外资药企或中外合资公司，其余为本土公司,,
https://x.com/wangzhian8848/status/1980819339835293760,2025-10-22T02:11:47.000Z,1,4,59,52K,下架的进口原研药目录,,
https://x.com/wangzhian8848/status/1980640711310733462,2025-10-21T14:21:58.000Z,62,89,573,144K,世界一流科学家到中国下基层,,
https://x.com/wangzhian8848/status/1980636999397831082,2025-10-21T14:07:13.000Z,19,5,88,66K,"【韩国记者在柬埔寨西港取材，遭中国男子威胁删视频】
10月20日，有网友在社交平台上传一段视频，视频显示，一名韩国记者在西港一处娱乐城外进行新闻采访时，遭到一名中国男子阻拦并威胁要求删除拍摄画面。",,
https://x.com/wangzhian8848/status/1980636702642487703,2025-10-21T14:06:03.000Z,64,15,175,155K,中国新闻网称：中国在稀土出口管制上理直气壮，而美国在舆论和谈判上正逐渐失去主动权，美国如今的紧张与指责，实质上是因为它意识到：贸易谈判的主动权正在从华盛顿转向北京。,,
https://x.com/wangzhian8848/status/1980636497037730125,2025-10-21T14:05:13.000Z,140,45,311,113K,"第二位美国政府发言人飙你妈：《赫芬邮报》询问五角大楼为何国防部长赫格塞斯在泽连斯基访美时佩戴了一条与俄罗斯国旗相似的红白蓝条纹领带，而且这条领带还获得了俄媒《塔斯社》的称赞。
 国防部发言人肖恩·帕内尔回应记者称：“那条领带是你妈给他买的——这是一条爱国的美国领带，白痴！”",,
https://x.com/wangzhian8848/status/1980636114726842804,2025-10-21T14:03:42.000Z,61,3,132,127K,陆委会主委邱垂正今天问，郑丽文说的九二共识的「通关密语」要通到哪？通到配合习近平国家统一吗？九二共识最终的目标就是要消灭中华民国，并吞台湾。,,
https://x.com/wangzhian8848/status/1980633625159934075,2025-10-21T13:53:49.000Z,14,2,83,103K,军队来抢索马里，政府来抢朝鲜西。,@Easychain99,DAN（易链科技-区块链服务商）
https://x.com/wangzhian8848/status/1980619352455205300,2025-10-21T12:57:06.000Z,49,3,127,109K,给你点个赞，转发支持一下下。,@helen_maga99,Helen MAGA
https://x.com/wangzhian8848/status/1980603075913216483,2025-10-21T11:52:25.000Z,39,7,82,136K,今晚话题：九上将团灭，习近平军队反腐，为何越反越腐？｜何卫东｜苗华｜徐才厚｜郭伯雄｜巨贪｜王局拍案 20251021 https://youtu.be/042xZgAbCiQ?si=eXY2o26fgJUrTuUn… 来自 @YouTube,,
https://x.com/wangzhian8848/status/1980602427511587149,2025-10-21T11:49:51.000Z,125,31,374,210K,"越南国防部副部长黄春战（Hoang Xuan Chien）上个月11日到访韩国期间，涉嫌性侵一名韩国女公务员。
据当地媒体报道，黄春战在事发后隔天离开了韩国。
韩国当局随后召见越南驻韩大使馆人员，提出抗议。
对此，越南使馆专员表示遗憾，并向当局保证类似事件不会再次发生。",,
https://x.com/wangzhian8848/status/1980601477426213380,2025-10-21T11:46:04.000Z,27,3,167,116K,看到一个纪录片，说金字塔在古希腊时就是5A级风景区了。金字塔旁边有当年修的旅行步道。,,
https://x.com/wangzhian8848/status/1980600876634107971,2025-10-21T11:43:41.000Z,26,2,82,104K,我当时在埃菲尔铁塔下徘徊，预感自己有可能被偷，就毅然决然离开了。本来想到李鸿章站过的地方留个影的。,@davide71825292,davide
https://x.com/wangzhian8848/status/1979741532782809262,2025-10-19T02:48:57.000Z,131,48,501,237K,"美国《赫芬邮报》记者问白宫新闻秘书莱维特，是谁建议特朗普与普京在布达佩斯会面的？
莱维特回答：“是你妈建议的的“
 赫芬顿邮报随后询问莱维特是否认为她的回答很有趣。",,
https://x.com/wangzhian8848/status/1980553485021245578,2025-10-21T08:35:22.000Z,82,2,147,86K,希望胖东来能来日本开一家店，在网上看他们的熟食不错。,,
https://x.com/wangzhian8848/status/1980552799957184872,2025-10-21T08:32:39.000Z,90,7,273,115K,"卢浮宫也能被盗，感觉法国也是衰落的一塌糊涂。

盗匪开着装着升降梯的大卡车，七分钟搞定。",,
https://x.com/wangzhian8848/status/1980551552386646219,2025-10-21T08:27:41.000Z,47,22,219,112K,"香港失业问题加剧，7月至9月失业率为3.9%，是三年来的新高，总失业人数升至15.6万人。
 9月经由法院发出的破产令已有 943 宗，创疫后新高。今年首九个月，申请破产宗数累计超过7500宗，已获颁破产令的有超过6800宗，两个数字均突破十年来的新高。",,
https://x.com/wangzhian8848/status/1980550328262246808,2025-10-21T08:22:49.000Z,18,1,80,86K,厉害了,@ABCChinese,ABC中文
https://x.com/wangzhian8848/status/1980547710118990074,2025-10-21T08:12:25.000Z,26,13,142,86K,东京警方17日表示，因涉嫌对电信诈骗赃款进行洗钱、涉嫌违反日本《组织犯罪处罚法》，逮捕了钱凌（38岁）、卢璐（36岁）等3名中国籍嫌疑人。警方调查发现，该团伙以冒充警察实施电话诈骗的方式，从2024年8月至2025年1月间骗取500名日本人共计约50亿日元。诈骗所得的一部分被用于为中国富裕人士支付日本,,
https://x.com/wangzhian8848/status/1980547485946020092,2025-10-21T08:11:32.000Z,186,28,323,238K,引入中国资金和技术的印尼雅万高铁通车后，持续陷入巨额亏损，被指营运出现困难，雅万高铁全长142.3公里，造价达73亿美元，被中国视为其「一带一路」倡议及高铁技术输出的重要计划。但这也让印尼国企背负上沉重债务，去年雅万高铁印尼出资方出现约18亿人民币亏损，是2023年的4.3倍。,,
https://x.com/wangzhian8848/status/1980529931735216194,2025-10-21T07:01:46.000Z,95,5,112,136K,"一先ずお疲れ様でした
お身体に充分気を付けてキレの良さで進めて下さい
大きく期待してます
頑張れ高市！頑張れ日本！",@jiminNara2Young,【 #高市早苗 】自民党奈良2区青年局
https://x.com/wangzhian8848/status/1980526513029333017,2025-10-21T06:48:11.000Z,44,3,132,62K,突发：10月21日，在日本众议院首相指名选举第一轮投票中，自民党总裁高市早苗获得过半票数，当选日本新一任首相，她成为宪政史上首位女首相。,,
https://x.com/wangzhian8848/status/1980528591747305809,2025-10-21T06:56:27.000Z,7,1,38,43K,得票数,,
https://x.com/wangzhian8848/status/1980528307398668641,2025-10-21T06:55:19.000Z,86,20,311,194K,南方周末：黑公关”还是“散装团队”：一个汽车碰撞测试罕见引发刑案。去年，汽车自媒体”原来是翔翔啊”发布发布小米SU7与极氪007的对撞视频，因小米su7对撞后，车门打不开，且自动紧急呼叫(eCall),,
https://x.com/wangzhian8848/status/1980527628235993496,2025-10-21T06:52:37.000Z,97,18,182,255K,おめでとうございます。だけどとても不安です。,@kantei,首相官邸
https://x.com/wangzhian8848/status/1980527138915905638,2025-10-21T06:50:40.000Z,220,41,687,685K,纽约时报：萦绕四中全会的禁忌问题：谁将接班习近平。报道指出，习近平已执政13年，权力集中程度为毛泽东以来最高，习近平正面临着长期执政的专制统治者普遍遭遇的两难处境：一旦指定接班人，可能会形成与他竞争的权力中心，削弱他的控制力；但如果迟迟不确定接班人，又可能危及他的政治遗产，并在中共,,
https://x.com/wangzhian8848/status/1980526947575951364,2025-10-21T06:49:55.000Z,81,8,180,64K,"台湾民意基金会今天公布最新民调显示，仅三成五赞同赖清德总统处理“国家大事”的方式。五成三不赞同，不赞同者比赞同者多17.6个百分点。
 基金会董事长游盈隆表示，赖清德整体声望没有明显回升，仍在低档徘徊，民怨依然高涨。

这三成五估计就是赞成对我禁止五年入台的部分。",,
https://x.com/wangzhian8848/status/1980452818176864360,2025-10-21T01:55:21.000Z,62,11,149,104K,"特朗普在白宫回答记者时说，他将于本月底在韩国举行的APEC峰会期间与中国国家主席习近平会面，并将于明年初访华。
 特朗普还表示，中国并无入侵台湾的打算“中国不想那样做(入侵台湾)我们拥有一切最好的装备，没人敢乱来”",,
https://x.com/wangzhian8848/status/1980453016710091088,2025-10-21T01:56:08.000Z,20,2,47,49K,"特朗普向中国发出警告：如果不能在11月1日前达成协议，美国将对中国商品征收155%的关税。
 特朗普表示：在军事方面，我们远远领先中国。我们在所有军事领域都领先——除了军舰，但我们会赶上他们。",,
https://x.com/wangzhian8848/status/1980431062250713525,2025-10-21T00:28:54.000Z,410,219,2.6K,577K,"泽伦斯基在白宫马路对面的路边召开新闻发布会，他拒绝了川普的割地和平方案，川普禁止他在白宫草坪召开记者会。他于是不得不像个村长一样，来到马路对面搭个桌子召开记者会。

这张照片将载入史册！",,
https://x.com/wangzhian8848/status/1980452545660375147,2025-10-21T01:54:16.000Z,29,10,179,128K,前情提要：《金融时报》周日披露，特朗普在周五的白宫会议中，强烈敦促泽连斯基接受俄罗斯的战争结束条件，并警告如果不达成协议，俄罗斯总统普京将会“摧毁”乌克兰。,,
https://x.com/wangzhian8848/status/1980269253661208765,2025-10-20T13:45:56.000Z,45,6,83,137K,今晚话题：习近平电贺郑丽文当选，百年国民党还有救么？｜九二共识｜中国人｜赵少康｜郝龙斌｜苏贞昌｜王局拍案 20251020 https://youtu.be/GwMXsm0Hg5E?si=Q_XweaJhRYyx1X85… 来自 @YouTube,,
https://x.com/wangzhian8848/status/1980268865595863229,2025-10-20T13:44:23.000Z,132,27,254,334K,二十届四中全会召开，新华社发布重磅社评！文章回顾了“十四五”时期中国在经济总量、科技创新、绿色能源、社会保障、文化建设等方面取得的重大成就，并指出这些成绩根本在于以习近平同志为核心的党中央坚强领导，在于习近平新时代中国特色社会主义思想特别是习近平经济思想科学指引。,,
https://x.com/wangzhian8848/status/1980267470549369075,2025-10-20T13:38:51.000Z,41,2,90,92K,自民党与维新党今天签署联合执政协议书，宣告「自维联合政权」正式成立。维新党将在明天的首相指名选举中把票投给自民党总裁高市早苗，日本几乎笃定诞生史上第一位女首相。,,
https://x.com/wangzhian8848/status/1980243976054804950,2025-10-20T12:05:29.000Z,833,51,784,606K,日本经营管理签证收紧，我要是被驱逐，就考虑去美国了。美国言论比较自由。,,
https://x.com/wangzhian8848/status/1980238467981627661,2025-10-20T11:43:36.000Z,23,1,62,97K,再转一下,@wangzhian8848,王局志安
https://x.com/wangzhian8848/status/1980237282067247299,2025-10-20T11:38:53.000Z,247,28,344,187K,于北辰又出新典故，称东汉西汉，南宋北宋都成对方是伪政权。,,
https://x.com/wangzhian8848/status/1980149144217096360,2025-10-20T05:48:40.000Z,45,7,139,156K,中共二十届四中全会今天在北京开幕，军委副主席何卫东等九名上将，在四中前被开除党籍、军籍，中央军委领导层会否增补成员备受关注。据不完全统计，过去一年有十几名中央委员落马，按条例，中委出缺将由候补委员递补；换言之，四中全会料至少递补12名中委。,,
https://x.com/wangzhian8848/status/1980148995172536371,2025-10-20T05:48:04.000Z,176,13,313,308K,"新华社20日电：免去李成钢的中国常驻世界贸易组织代表、特命全权大使，专任国际贸易谈判代表(正部长级)兼副部长。
 美财长贝森特近日批评李成钢，指他在今年8月曾“不请自来”访问美国，且态度“非常无礼”“精神失常”“自以为是战狼”，还威胁若美国实施向中国船只收取港口费的计划，将引发“全球混乱”",,
https://x.com/wangzhian8848/status/1980148351158095966,2025-10-20T05:45:30.000Z,163,13,207,163K,【接受九二共识一中原则得到和平？赖清德：不可能的事】赖清德总统今天上午说：和平固然要有理想，但不能有幻想,,
https://x.com/wangzhian8848/status/1980148123487044040,2025-10-20T05:44:36.000Z,48,14,291,287K,中国近日宣布，何卫东上将及另外八名高级军官被开除军籍和党籍。美国前国家情报委员会东亚事务副主任马克·帕克·杨写道：习近平“愿意牺牲解放军的制度凝聚力和能力，这表明他仍不预期短期内爆发战争”。,,
https://x.com/wangzhian8848/status/1980085437378216205,2025-10-20T01:35:31.000Z,29,7,118,79K,"香港国际机场20日凌晨约3时50分发生一起事故。一架由阿联酋迪拜抵港的货机在降落期间冲出跑道坠入海中，其间一辆机场地勤车被撞，致两人坠海。最终，一人当场证实不治，另一人送医后身亡。
 视频画面显示，机身断裂，部分机身露在海面上，机尾部分坠进海中。",,
https://x.com/wangzhian8848/status/1980085074977870299,2025-10-20T01:34:04.000Z,40,8,110,93K,【法国卢浮宫博物馆周日遭抢劫，拿破仑及其皇后的9件珠宝收藏被盗】人数不详的一伙盗匪骑着摩托车，手持小型电锯，闯入卢浮宫，在抢走珠宝后逃离现场。,,
https://x.com/wangzhian8848/status/1980084783796633822,2025-10-20T01:32:55.000Z,431,34,309,236K,日本共同社19日报道，日本维新会的参议员石平于18日参拜了靖国神社，参拜后，他在接受共同社采访表示：“我立下誓言，要继承英灵的遗志，守护日本，因此前来参拜的。” 石平出生于中国，后取得日本国籍，并在今年7月的参议院选举中首次当选。,,
https://x.com/wangzhian8848/status/1980084393357279657,2025-10-20T01:31:22.000Z,79,168,1.1K,328K,"美英联手查获太子集团140亿美元比特币后，网友扒出两则旧闻：北京红十字基金会访问太子集团；
山西商务厅党组书记王宏晋一行，赴山西建投国际建设集团柬埔寨金边太子幸福广场项目调研指导。",,
https://x.com/wangzhian8848/status/1980084021133721889,2025-10-20T01:29:53.000Z,25,3,125,193K,"万能的推特，请问哪位台湾的朋友知道台湾作家蓝博洲的联系方式，我看了他的书，有几个细节想找他确认一下。有知道联系方式的，请私信或者邮件给我。

邮件地址：wangjuBGSH@gmail.com

感谢感谢",,
https://x.com/wangzhian8848/status/1979892076394471463,2025-10-19T12:47:10.000Z,76,7,188,183K,"蒋万安今天通过幕僚恭喜郑丽文当选：“郑主席任重道远，国民党要持续捍卫民众的权益、守护中华民国。”
  民进党立委吴思瑶声称，“郑丽文就是第二个洪秀柱”（亲大陆的国民党前主席）”",,
https://x.com/wangzhian8848/status/1979885410886336920,2025-10-19T12:20:41.000Z,128,29,333,272K,郑丽文近日在节目中表示：我当上国民党主席后，第一件事就是收拾民进党，我对此胸有成竹，因为我就是民进党出身的。民进党决定的都是一些假议题，例如：“中共同路人”以此在台湾制造撕裂和对立。而我们要建立新的议题，并且不能被民进党拖着走，不然国民党以后也要对对岸喊打喊杀了。两岸需要和平而不是,,
https://x.com/wangzhian8848/status/1979884949990941024,2025-10-19T12:18:51.000Z,87,40,260,201K,"【彭博社：中国出口繁荣无法阻止经济放缓】报道指出，中国本季度国内生产总值（GDP）同比增长4.7%，低于前三个月的5.2%。
 投资、工业产出、零售销售都趋弱（9月零售销售预计增长3%，工业产出增5%，均为年内最低）。
 固定资产投资继续放缓，房地产投资大幅下滑，制造业投资和地方政府支出疲软。",,
https://x.com/wangzhian8848/status/1979853432782753809,2025-10-19T10:13:36.000Z,109,10,264,161K,针对陆配的敌意，就是我说的，从反共到反华的逻辑转进。,@shangguanluan,上官亂
https://x.com/wangzhian8848/status/1979843306717921674,2025-10-19T09:33:22.000Z,99,54,530,555K,"港媒星岛日报：社交媒体流传前国务委员、外交部长秦刚近日公开亮相，与多人合影的照片。秦刚疑似参加第二十八届北京国际音乐节，身穿深色西装，系红色领带，与之前相比略胖。
 如果消息属实，这是秦刚「失踪」两年多之后首次亮相。资料显示，北京国际音乐节近日在天坛神乐署举行。",,
https://x.com/wangzhian8848/status/1979831605507277278,2025-10-19T08:46:52.000Z,83,28,316,313K,"解放军9高层被「双开」文革后军中最大整肃 外媒：暴露内部裂痕
 BBC指出，何卫东是自2017年，前重庆市委书记孙政才落马以来，首名在任内被查的政治局委员，也是自1967年贺龙被免职后首名遭解职的中央军委副主席，被认为是文革结束以来军中最大规模的整肃。",,
https://x.com/wangzhian8848/status/1979813535648715057,2025-10-19T07:35:04.000Z,115,16,324,170K,"新华社：习近平致电郑丽文当选国民党主席，指出多年来两党在坚持“九二共识”、反对“台独”共同政治基础上，推动两岸交流合作，致力维护台海和平稳定，增进两岸同胞亲情福祉，成效积极。

看起来大陆对郑丽文确实还挺认可的。",,
https://x.com/wangzhian8848/status/1979788414225719655,2025-10-19T05:55:15.000Z,179,47,611,322K,"美国50个州18日举行近3000场主题为“不要国王”的反特朗普示威
 朗普则发布了一段AI视频，视频中他头戴皇冠，驾驶战机向下方的抗议者投放粪便。",,
https://x.com/wangzhian8848/status/1979758528370995308,2025-10-19T03:56:29.000Z,54,13,166,101K,"10月18日9点多从杭州起飞的国航CA139航班，在飞行一段时间后降落在了浦东，因为“飞机在天上着火了”。有飞机上的乘客描述“突然砰的一声，就看到前面行李架火冒出来了，整个客舱都是烟。”据了解，起火原因为旅客行李内锂电池自燃。

估计当时客舱的乘客要吓死了。",,
https://x.com/wangzhian8848/status/1979755673606050265,2025-10-19T03:45:09.000Z,500,32,921,287K,"科学家的成就和人品关系不大，比如牛顿基本上就是个人渣，爱因斯坦也不咋地，但不妨碍他们是个伟大的科学家。

艺术家也差不多，比如李白在生活中基本就是个废物，也没啥能力，但诗确实写得好。

比如我，王局拍案做的好，但吃的确实不行，还整天说吃点儿好的。",,
https://x.com/wangzhian8848/status/1979754154856976581,2025-10-19T03:39:07.000Z,60,3,278,303K,那几期节目目前计划等王沪宁去世时放出来。,@seekwfyn,捅破
https://x.com/wangzhian8848/status/1979750216682307709,2025-10-19T03:23:28.000Z,93,13,127,165K,2021年梁文杰在节目中谈郑丽文。他说，他上台大的时候郑丽文来找他聊民进党未来发展路线，并对他说：我们外省人可以走自己的路，不要让人觉得我们外省人就一定是国民党集团的。梁文杰接着说，加入民进党还是退出民进党也好并不奇怪，但是基本上没有人会在意识形态上有180度的大转弯，她表示郑丽文欺骗,,
https://x.com/wangzhian8848/status/1979124405667070062,2025-10-17T09:56:43.000Z,179,46,500,415K,"中央军委副主席何卫东以及苗华等9人严重违纪违法被开除党籍。
官方通报中提到：“这9人严重违反党的纪律，涉嫌严重职务犯罪，数额特别巨大，性质极为严重，影响极其恶劣”
“对这9人的处分，再次表明了党中央、中央军委将反腐败斗争进行到底的坚定决心。”",,
https://x.com/wangzhian8848/status/1979740986382438514,2025-10-19T02:46:47.000Z,10,3,48,58K,"解放军报：对何卫东等人的深挖彻查....只要搞腐败就绝不姑息，没有免罪的“丹书铁卷”没“铁帽子王”
 何卫东等人的腐败问题是郭伯雄、徐才厚流毒的发酵变异。
 军队党员干部特别是高级干部要……勤掸“思想尘”、多思“贪欲害”、常破“心中贼”，严守思想防线、用权底线、法纪红线、家风界线",,
https://x.com/wangzhian8848/status/1979469285987938417,2025-10-18T08:47:09.000Z,68,4,135,190K,郝龙斌大势已去，郑丽文稳了。,@wangzhian8848,王局志安
https://x.com/wangzhian8848/status/1979461120693014566,2025-10-18T08:14:42.000Z,59,8,120,272K,国民党主席选举开票开始。我看好郑丽文当选。,,
https://x.com/wangzhian8848/status/1979440398713131248,2025-10-18T06:52:21.000Z,161,6,219,303K,杨振宁为什么当年回国被骂？,,
https://x.com/wangzhian8848/status/1979419323426050489,2025-10-18T05:28:37.000Z,344,21,539,690K,我刚发完这一条，杨振宁就去世了。,@wangzhian8848,王局志安
https://x.com/wangzhian8848/status/1979418322115662244,2025-10-18T05:24:38.000Z,88,5,134,171K,梧桐后民进党主席任人大副委员长，国民党主席任政协副主席。民进党享受达赖待遇，国民党享受二代班禅待遇，比大陆八个民主党派行政待遇更高，副国级。,@Guggenheim1988,EV_VE
https://x.com/wangzhian8848/status/1979397290885550324,2025-10-18T04:01:04.000Z,139,67,1.5K,1.2M,做的挺好,@ILoveMy_Emperor,每日颂圣
https://x.com/wangzhian8848/status/1979393847043219541,2025-10-18T03:47:23.000Z,80,5,212,101K,周末，吃点儿好的，台湾豆乳，胡椒饼。,,
https://x.com/wangzhian8848/status/1979384230556897483,2025-10-18T03:09:10.000Z,111,6,298,549K,肯定现场被夹走，习下王上。 https://x.com/wanggan108139//wanggan108139/status/1979367644991246823…,,
https://x.com/wangzhian8848/status/1979359343192740102,2025-10-18T01:30:16.000Z,117,14,373,160K,国民党现在最大的问题是失去了想重新执政的强烈的野心和信心，都安于当个立委，县市长。于是才有一帮小咖出来选党主席，有实力的当山头。这个党没啥前途，搞不好过几年被民众党蚕食，如果中共不武统的话。,,
https://x.com/wangzhian8848/status/1979168644740350119,2025-10-17T12:52:30.000Z,228,64,739,334K,"近日，有上海老师给邓飞发了张学生餐照片，照片显示餐盘里的排骨几乎没有肉，只有骨头。
邓飞表示：小学生吃骨头午餐，这是上海的耻辱，更是国家的耻辱。",,
https://x.com/wangzhian8848/status/1979143604472807833,2025-10-17T11:13:00.000Z,285,27,388,1.1M,网传杨振宁去世不实,,
https://x.com/wangzhian8848/status/1979092234726445452,2025-10-17T07:48:53.000Z,70,38,369,177K,近日，锡林浩特多个县市开展Y库血样采集，并且官方将其和护照身份证办理挂钩。清华法学教授劳东燕对此批评：在没有法律授权的情况下，当地相关部门集中采集所有男性的DNA明显涉嫌违法。如果只考虑安全，那么干脆给家家户户室内装上监控更有助于打击和预防犯罪，难道以后还要进一步采取这样的措施？更何,,
https://x.com/wangzhian8848/status/1979092045349425377,2025-10-17T07:48:08.000Z,36,23,206,142K,南华早报报道称，中国论文工厂正在利用人工智能大量生产虚假学术研究。报道指出，部分“论文工厂”利用生成式AI聊天机器人，每人每周可“产出”30篇以上学术论文。这些机构通过电商平台和社交媒体宣称提供“学术支持”或“论文编辑”服务，实则进行论文代写。,,
https://x.com/wangzhian8848/status/1979078121283567630,2025-10-17T06:52:48.000Z,40,3,76,198K,啥时候的事情？,@jianmang054A,李剑芒054
https://x.com/wangzhian8848/status/1979057936434364519,2025-10-17T05:32:35.000Z,89,14,206,227K,这把中共亏大了，如果自己下手，可以搞150亿美元。,@wangzhian8848,王局志安
https://x.com/wangzhian8848/status/1979057586763710669,2025-10-17T05:31:12.000Z,34,5,273,100K,日本前首相村山富市去世，享年101岁。村山在任期间，曾发表著名的村山谈话，正视承认侵略战争的历史，并表示深刻反省。,,
https://x.com/wangzhian8848/status/1979057248602329255,2025-10-17T05:29:51.000Z,62,19,137,318K,美国财政部日前宣布制裁柬埔寨太子集团及其董事长陈志，指控其涉及电信诈骗与洗钱，并要求法院没收其约12万枚比特币（约150亿美元）的犯罪所得。港媒《信报》评论质疑，被陈志团伙诈骗的受害者主要是中国人，为何其比特币财产却由美国而非中国政府没收，这算不算造成「国家资产流失」。,,
https://x.com/wangzhian8848/status/1979056947438719116,2025-10-17T05:28:40.000Z,49,10,88,110K,"据中国汽车工业协会本14日发布的数据，今年前九个月，中国出口新能源汽车175万8000辆，同比增长89.4%
 香颂资本执行董事沈萌分析：当前公布的数据主要强调出口量的高增长，却未透露汽车的平均售价和车企利润率。“一味压低价格带来的激增属于‘杀鸡取卵’，并不是一个产业的良性循环。”",,
https://x.com/wangzhian8848/status/1978986664338034714,2025-10-17T00:49:23.000Z,48,5,102,108K,【特朗普：我将和普京在匈牙利布达佩斯见面！】特朗普称他刚与普京进行了非常富有成效的电话会谈。普京祝贺他和美国在中东达成伟大的和平成就，称那是几世纪以来的梦想。特朗普则认为，这一成功将有助于推动俄乌战争的结束。特朗普还表示，双方同意下周一举行一次高级顾问会议，随后将会和普京在匈牙利,,
https://x.com/wangzhian8848/status/1978829008466043261,2025-10-16T14:22:55.000Z,78,6,175,181K,【王局为台湾发声】中国大陆先前预告将在10月25日前后举办「台湾光复80周年纪念活动」台陆委会今天重申，禁止中央、地方公职人员前往参加；呼吁政党、法人、人民团体、个人切勿前往与会。,,
https://x.com/wangzhian8848/status/1978828643154686255,2025-10-16T14:21:28.000Z,52,9,152,128K,中国外交部周四重申，被监禁的瑞典出版人桂民海是中国公民，并坚决反对任何国家、组织或个人以任何形式干涉中国司法主权。桂民海违反中国法律，案件由中方依法处理。,,
https://x.com/wangzhian8848/status/1978828609600336208,2025-10-16T14:21:20.000Z,9,1,44,69K,中国外交部周四重申，被监禁的瑞典出版人桂民海是中国公民，并坚决反对任何国家、组织或个人以任何形式干涉中国司法主权。桂民海违反中国法律，案件由中方依法处理。,,
https://x.com/wangzhian8848/status/1978828242376405328,2025-10-16T14:19:52.000Z,30,2,83,109K,【王局为台湾发声】10月9日，一名来自香港的女子和邱姓男子等人，在台北车站附近饮酒，等其他人陆续离开后，邱姓男子趁她不甚酒力，对其实施性侵。直到十分钟后，一名马来西亚外籍游客目睹后报警，警方随后将邱姓男当场逮捕。这名外籍游客称，嫌犯试图将一位女士抬起来，「一直很用力的把她往旁边移，,,
https://x.com/wangzhian8848/status/1978275505020297351,2025-10-15T01:43:29.000Z,211,10,311,251K,特朗普发文：我认为中国故意不买我们的大豆，并给我们的大豆种植户造成困难，这是一种经济敌对行为。作为报复，我们正在考虑终止与中国在食用油及其他贸易领域的业务往来。例如，我们可以轻松地自己生产食用油，不需要从中国购买。,,
https://x.com/wangzhian8848/status/1978827484062797824,2025-10-16T14:16:51.000Z,12,1,41,72K,特朗普不满中国暂停采购美国大豆，扬言停止采购中国食用油。央视旗下「玉渊谭天」发文称，中国去年出口到美国的食用油只有1000万美元，即使美方停止进口，也不会对中国食用油产业造成实质性冲击。反酸美方此举背后是「无计可施」。,,
https://x.com/wangzhian8848/status/1978826568362242134,2025-10-16T14:13:13.000Z,243,15,327,401K,我看很多人都在那说什么环保，喜马拉雅山环境很脆弱，是挺脆弱的，登珠峰的人五十年前拉的屎，遗弃的气瓶，帐篷还有尸体，遍布珠峰的攀登路线上，我也没看到他们说就不能登珠峰了。蔡国强这个海拔才5000米，环境自净能力比珠峰好太多了，行为的影响也比登珠峰小多了，为什么不去喷登珠峰的？而蔡国强处,@wangzhian8848,王局志安
https://x.com/wangzhian8848/status/1978812101809352735,2025-10-16T13:15:44.000Z,28,9,55,627K,"今晚话题：蔡国强喜马拉雅""升龙"" ，西藏一堆人落马，他到底是一位怎样的艺术家？｜始祖鸟｜江孜县｜现代艺术｜与外星人对话｜大脚印｜天梯｜王局拍案 20251016 https://youtu.be/7XoxLvQ2_Hs?si=hF7FHehjjit3a1IA… 来自 @YouTube",,
https://x.com/wangzhian8848/status/1978732877417472469,2025-10-16T08:00:55.000Z,134,23,248,148K,乌克兰《军事报》报道，北约一名高级官员在布鲁塞尔告诉记者：俄罗斯无人机及其他现代武器系统中约80% 的关键电子元件由中国制造。自2023年以来，中国已向俄罗斯提供超过200亿美元的生产设备、零部件及耗材，这些供应增强了俄罗斯生产坦克、装甲车和导弹的能力。,,
https://x.com/wangzhian8848/status/1978722572780061116,2025-10-16T07:19:58.000Z,69,40,247,150K,【微软和亚马逊云服务正加速将生产链移出中国】多名知情人士向《日经亚洲》透露，微软已要求多家供应商准备自明年起在中国境外生产其Surface笔电与数据中心服务器，包括关键零组件与组装环节。,,
https://x.com/wangzhian8848/status/1978722457486872997,2025-10-16T07:19:31.000Z,88,9,124,90K,"日本财务大臣加藤胜信15日表示，对中国近日宣布加强稀土出口管制“深感担忧”。他主张G7应团结一致，共同应对中国稀土出口的管制。
 加藤表示，七国集团团结固然必要，但也需谨慎行事。他表示：“如果我们的应对措施引发连锁报复，可能会对全球经济和市场产生负面影响。”",,
https://x.com/wangzhian8848/status/1978702949707821193,2025-10-16T06:02:00.000Z,89,17,247,120K,数十名驻五角的大楼记者集体交还通行证后离开，原因是他们拒绝签署防长赫格塞斯发布的新规。该规定要记者们求签署一份承诺书，承诺不报道未经美国国防部授权发布的信息。如果记者继续报道国家安全相关新闻、揭露机密内容，则可能因此被刑事起诉。,,
https://x.com/wangzhian8848/status/1978702320885018921,2025-10-16T05:59:30.000Z,243,30,367,172K,美国防部长赫格塞斯向俄罗斯下最后通牒：“现在是结束战争并来坐下来和平谈判的时候了，否则美国战争部随时准备以只有美国才能做到的方式来结束这场战争。”,,
https://x.com/wangzhian8848/status/1978702073878523938,2025-10-16T05:58:31.000Z,173,92,840,392K,"2025年10月16日，北京日报发表评论文章：拿没拿洋奖，都不是定义中国发展水平的指标。
文章认为，盛名之下，环绕诺奖的争议也从未停息。即便是其中公认相对客观的自然科学奖项，也绝非完美的“度量衡”。
2018年10月6日，北京日报发表评论文章：日本真正的可怕之处，18年里18人拿了诺贝尔奖！",,
https://x.com/wangzhian8848/status/1978630948112548198,2025-10-16T01:15:53.000Z,274,30,252,183K,"美国财长贝森特周三表示：“如果中国政府中的一些人想通过令人失望的行动和经济胁迫来减缓全球经济增长，那么中国经济将受到最严重的伤害——毫无疑问：这是中国与世界的对抗。”
  贝森特警告，如果中国想成为世界不可靠的伙伴，世界将不得不脱钩 「但我们不认为中国想要这样」",,
https://x.com/wangzhian8848/status/1978631179550314946,2025-10-16T01:16:49.000Z,32,8,66,57K,美国财长贝森特周三表示：一名级别较低的中国贸易官员(李成钢)曾威胁，若美国对中国船舶实施港口费用计划，中国将「造成全球混乱」。贝森特形容李成钢已经「精神失常」，并讽刺他可能认为自己是「战狼」,,
https://x.com/wangzhian8848/status/1978487441133908004,2025-10-15T15:45:39.000Z,262,13,279,331K,一胖毁所有。,@iPaulCanada,iPaul
https://x.com/wangzhian8848/status/1978465314300924130,2025-10-15T14:17:43.000Z,31,2,48,104K,我下载看看,@chinatransition,中国民主转型研究所(ICDT)
https://x.com/wangzhian8848/status/1978442393142653344,2025-10-15T12:46:38.000Z,26,7,88,96K,网红「馆长」今天下午前往新北地检署复讯约20分钟后，检方认涉犯刑法煽惑他人犯罪、恐吓危害安全罪，谕知新台币15万元交保。馆长表示，检察官人非常好，但有感受到民进党给检察官的压力。他十分不解，讲两句话就要走到交保的程序，刚在里面短暂被关了一下。陈之汉也说，因未限制出境，他仍会继续去中国,,
https://x.com/wangzhian8848/status/1978462602968920547,2025-10-15T14:06:57.000Z,15,4,48,50K,"叙利亚总统沙拉15日与俄罗斯总统普京会面，一名叙利亚政府官员在会谈前告诉法新社，“沙拉将要求俄罗斯总统交出所有犯有战争罪，且目前在俄罗斯境内的个人，其中最突出的是阿萨德。”
 俄罗斯外交部长拉夫罗夫本周证实，阿萨德仍居住在莫斯科。",,
https://x.com/wangzhian8848/status/1978442935281836497,2025-10-15T12:48:48.000Z,46,42,373,155K,叙利亚阿萨德政权为掩盖战争罪行，曾秘密展开代号为“移土行动”的行动，在2019年至2021年间，将大马士革附近库塔伊法大型万人坑中的尸体，悄悄运往沙漠城镇杜迈尔外的新埋葬地。,,
https://x.com/wangzhian8848/status/1978397197633978877,2025-10-15T09:47:03.000Z,116,16,217,230K,网红馆长日前直播时突喊斩首赖清德，被人举报涉嫌煽惑他人犯罪等罪。他今天赴刑事局到案说明。馆长表示，绿色恐怖针对在野、反对者，速度都超快，比独裁还独裁。他认为，多数案件都是在派出所或公安分局制作笔录，但他却被要求到警政署刑事局做笔录，「好大，我好怕」。,,
https://x.com/wangzhian8848/status/1978397073130299766,2025-10-15T09:46:33.000Z,105,34,424,380K,外界对比中朝双方官方报道，发现内容出现差异。《新华社》称金正恩强调「朝方坚定支持一个中国原则，坚决反对台独分裂行径及任何外部干涉，支持中方在涉港、涉疆、涉藏问题上的立场」。但朝鲜官媒《朝中社》的报道中，未提及「一个中国原则」及反对台独等表述。,,
https://x.com/wangzhian8848/status/1978383816810197309,2025-10-15T08:53:53.000Z,140,43,406,352K,"在与美国的贸易对峙中，中国认为自己找到了对方的致命弱点：美国总统特朗普对股市的执着。
 接近中方决策层的人士透露，中国领导人习近平押注，美国经济无法承受与中国经济之间旷日持久的贸易冲突。些知情人士说，中方之所以坚守强硬立场，是因为坚信不断升级的贸易战将导致市场暴跌。",,
https://x.com/wangzhian8848/status/1978372935187374179,2025-10-15T08:10:38.000Z,53,7,127,106K,"刚刚，官方通报蔡国强升龙烟花秀调查情况：

江孜县县委书记问责，违反草原法，对整个事件立案调查。始祖鸟负责赔偿。",,
https://x.com/wangzhian8848/status/1978368323642417627,2025-10-15T07:52:19.000Z,769,175,1.9K,1.8M,"网传一段疑似李强向金正恩告别的视频显示，金正恩将手插在口袋里，不断扭头跟下属说话，直到最后才朝着李强微微点了一下头。金正恩全程板着脸。当时李强双手下垂，就像是在等待金正恩“训话”。
李强乘车离开时，在车内向金正恩接连挥手告别，金正恩只是简单挥了一下手，便转身离去。",,
https://x.com/wangzhian8848/status/1978342094885589404,2025-10-15T06:08:05.000Z,107,27,252,156K,"WSJ：中国应对美国的策略：“师夷长技以制夷”以其人之道还治其人之身。
 多年来，美国一直在利用其在先进半导体领域的主导地位，来遏制中国领导层的科技雄心。如今，北京方面正在制定一项战略，与美国的策略出奇地相似，几乎是逐页照搬。",,
https://x.com/wangzhian8848/status/1978341935958864317,2025-10-15T06:07:28.000Z,26,5,73,46K,"14日晚，山东聊城茌平区。男子杜某酒后驾驶车辆，与多辆电动车相撞，造成8人死亡。知情人士透露，事发地点位于一所中学门口，事发时正值高中生放学回家。
 还有当地人称：“十点多高中生放学，地上躺的都是穿校服的，小孩很惨”",,
https://x.com/wangzhian8848/status/1978341490834161864,2025-10-15T06:05:41.000Z,152,40,342,147K,中共中央机关刊物《求是》发文称，有的经营主体对发展前景信心不足，还有不少人因社会保障等因素不敢消费，文章强调，进一步稳定市场预期，要提升经济宣传和舆论引导水平，舆论导向「正确」才能稳定预期，要全方位唱响中国经济光明论。,,
https://x.com/wangzhian8848/status/1978341374077370733,2025-10-15T06:05:14.000Z,58,11,116,127K,大陆国台办今天套用网络改编神曲《没出息》，批评台湾的优势产业本来应该“从从容容、游刃有余”，如今却是“慌慌张张、连滚带爬”。,,
https://x.com/wangzhian8848/status/1978293177326174479,2025-10-15T02:53:43.000Z,81,14,129,106K,特朗普今天在白宫向保守派政治网红柯克（Charlie Kirk）追授美国最高平民荣誉「总统自由奖章」，赞扬他是「为真理与自由殉道的烈士」。特朗普今天将「总统自由奖章」交给含泪的柯克遗孀艾瑞卡，并将柯克与苏格拉底、圣彼得、林肯相提并论。,,
https://x.com/wangzhian8848/status/1978292978600026128,2025-10-15T02:52:55.000Z,138,90,622,301K,美国司法部今天宣布，已掌握入籍英国与柬埔寨的中国诈骗首脑陈志150亿美元资产，将陈志担任董事长的太子集团列为跨国犯罪组织，并对他及多名相关个人与实体实施制裁。司法部指出，这是美国司法部史上规模最大的没收行动。,,
https://x.com/wangzhian8848/status/1978256448304849114,2025-10-15T00:27:46.000Z,177,23,307,166K,北约秘书长吕特13日明确表示：中国可能会在入侵台湾期间，向俄罗斯施压，迫使其攻击欧洲，让我们忙个不停。,,
https://x.com/wangzhian8848/status/1978256233615532298,2025-10-15T00:26:54.000Z,112,40,264,134K,华盛顿邮报：中国正在通过出口关键零部件，帮助俄罗斯在与乌克兰的战争中获得战场优势。虽然北京声称在俄乌冲突中保持“中立”，但中国对俄罗斯的出口数据显示，今年夏天中国向俄方出口用于制造战场无人机的关键组件——尤其是光纤电缆和锂离子电池——出现大幅增长。,,
https://x.com/wangzhian8848/status/1978255270070673554,2025-10-15T00:23:05.000Z,110,10,128,105K,民进党立委王义川11日开直播时警告观众不要听《没出息》：「那首歌不要听！那都是中国设计的整套剧本，专门要来统战、洗脑的！」抖音平台背后的资讯搜集风险不容小觑，民众只要点进去看影片、甚至注册会员，整支手机的东西都出去了，「还下载中国抖音，还加入会员，加一下、加一下，就完蛋了！」他认为,,
https://x.com/wangzhian8848/status/1978255053573239231,2025-10-15T00:22:13.000Z,155,41,292,167K,"彭博报导，欧盟考虑推行新措施，中国企业若想在欧盟境内营运，必须将技术转让给欧洲公司，这项措施旨在强化欧盟产业竞争力。
 知情人士指称，预计这些措施将于11月推出，技术上将适用于所有非欧盟企业，目标是防止中国制造业压垮欧洲产业。",,
https://x.com/wangzhian8848/status/1978112999744504038,2025-10-14T14:57:45.000Z,83,3,155,139K,有一说一，感觉这些躺平博主，吃的比我好。,@wangzhian8848,王局志安
https://x.com/wangzhian8848/status/1978069534465577255,2025-10-14T12:05:02.000Z,38,12,215,114K,继万科集团董事长辛杰被曝出失联后，今天第一财经从多个信源获悉，万科原总裁、CEO祝九胜已被采取刑事强制措施。,,
https://x.com/wangzhian8848/status/1978065804831629529,2025-10-14T11:50:13.000Z,39,7,101,287K,今晚话题：多个躺平’博主遭封号，盛世只许报喜不许忧？｜小A在上网｜网吧战神｜网吧少女小青｜三和大神｜清朗行动｜王局拍案 20251014 https://youtu.be/ORZO3W9VIpo?si=6rLamY8N4cno6vFr… 来自 @YouTube,,
https://x.com/wangzhian8848/status/1978043592838091057,2025-10-14T10:21:57.000Z,447,83,609,359K,美国财长贝森特接受《金融时报》采访时表示，中国对稀土和关键矿物实施了全面的出口管制，“这表明他们的经济非常疲软，他们想把其他所有人都拖下水”他讽刺说“中国似乎在奉行一种‘列宁式商业模式’，以伤害客户为手段”。但他们是全球最大的供应者。若他们想让全球经济放缓，受伤最深的会是他们自己。”,,
https://x.com/wangzhian8848/status/1977979685004095615,2025-10-14T06:08:00.000Z,363,41,429,359K,国民党主席候选人郝龙斌今天公布两岸政策，其中包括推动国民党在北京、上海设立办事处。他宣称当选国民党主席后，会正告并呼吁中国大陆宣示，只要台湾不寻求台独、大陆就应该宣告放弃对台动武。郝龙斌强调，两岸关系就是中华民国台湾地区与中华民国大陆地区的关系。「九二共识、一中各表」里的一中，就,,
https://x.com/wangzhian8848/status/1978022326978433498,2025-10-14T08:57:27.000Z,19,2,54,80K,国民党主席候选人郝龙斌今天表示要推动国民党在北京、上海设立办事处。陆委会发言人梁文杰今天表示，如果自行跟中共方面做接触，或设立办事处，这会让台湾人的心防以及与中共谈判的力量被分散掉，这样未必是国人的福气。,,
https://x.com/wangzhian8848/status/1978017068910850309,2025-10-14T08:36:33.000Z,39,3,139,88K,2025年亚洲乒乓球团体锦标赛现场一度悬挂起青天白日满地红旗，中国大陆驻印度大使馆称：主办方在与大陆代表队交涉后已将旗帜撤下，使馆并批评，台方做法是借体育赛事进行政治操弄。,,
https://x.com/wangzhian8848/status/1978016864568848548,2025-10-14T08:35:44.000Z,76,47,340,311K,"据交通运输部披露的数据，今年9月全国网约车订单量为7.58亿单，相较去年同期的9.89亿单下降了23%，少了近2.3亿单。
 今年7月7.87亿单、8月7.89亿单，与去年同期的10.1亿单和10.29亿单相比，每月订单量减少超过2亿单。",,
https://x.com/wangzhian8848/status/1977980550062444917,2025-10-14T06:11:26.000Z,115,83,695,738K,【麦克风没关，印尼总统普拉博沃和特朗普私下谈话外泄】印度尼西亚总统普拉博沃到埃及出席加沙和平峰会时，私下向美国总统特朗普表示希望与他的儿子埃里克会面，由于当时讲台上的一个麦克风仍开着，两人的对话因此外泄。,,
https://x.com/wangzhian8848/status/1977980166766043356,2025-10-14T06:09:55.000Z,36,10,144,134K,澎湃新闻报道，哇哈哈已从宏盛系手中重新拿回桶装水销售权。,,
https://x.com/wangzhian8848/status/1977908670882251136,2025-10-14T01:25:49.000Z,143,30,299,242K,稀土磁体是车灯、雨刷等汽车零部件的关键材料，美国车企长期依赖中国供应。 但如今，有一家汽车制造商，即通用汽车，终于不怕中国卡脖子了。,,
https://x.com/wangzhian8848/status/1977908416749375682,2025-10-14T01:24:48.000Z,86,13,172,99K,巴基斯坦总理谢里夫赞扬特朗普总统，并提名他为2026年的诺贝尔和平奖。,,
https://x.com/wangzhian8848/status/1977747951071162519,2025-10-13T14:47:10.000Z,259,23,843,387K,"人老了真的会糊涂，赵少康说中共网军介入国民党主席选举，我觉得他真的想多了。

国民党主席现在去大陆连王沪宁都不一定能见到，能见到国台办主任就不错了，地位一落千丈。从岛内政治而言，现在的国民党党主席，也不是总统候选人，在党内地位也不高，中共有必要介入选举么？",,
https://x.com/wangzhian8848/status/1977627774534963511,2025-10-13T06:49:38.000Z,269,101,866,618K,10月13日凌晨，成都仁寿路，一辆小米SU7超速行驶先与绿化带发生碰撞，随后翻滚至对向车道并起火。驾驶位有人员被困。多名路人主动参与救援，徒手或用工具猛砸车窗，有路人的手都流了血，还有人拿来了灭火器，但因车门无法打开且火势迅猛，救援失败。,,
https://x.com/wangzhian8848/status/1977736119824322878,2025-10-13T14:00:10.000Z,24,15,165,138K,小米su7着火视频补充,,
https://x.com/wangzhian8848/status/1977736861335302171,2025-10-13T14:03:06.000Z,34,15,160,129K,有网友指出，小米su7的门把手就是微动开关+灯,,
https://x.com/wangzhian8848/status/1977736352419758356,2025-10-13T14:01:05.000Z,68,15,146,124K,【纽时：中国新出口限制或对全球造成沉重打击】北京全面禁止军用材料出口的决定在欧洲引发了地缘政治层面的震动。当前欧洲各国正竞相加强军事防御，以应对越来越具侵略性的俄罗斯。而许多武器装备都需要来自中国的稀土及大宗商品。,,
https://x.com/wangzhian8848/status/1977735885073322208,2025-10-13T13:59:14.000Z,56,5,127,95K,美国财长贝森特星期一透露：“双方周末进行了实质性的沟通，局势已大幅缓和。“特朗普总统表明，关税措施会推迟到11月1日生效。”贝森特还说，他认为特朗普与习近平仍将如期在韩国会晤。,,
https://x.com/wangzhian8848/status/1977734853589406153,2025-10-13T13:55:08.000Z,94,63,665,143K,我和万润南先生仅仅见过一面，但很投缘。我们有过约定，我在今年还会去一趟巴黎，再和他畅聊。但没想到，我们的约定再也没机会实现了。,,
https://x.com/wangzhian8848/status/1977705612336107546,2025-10-13T11:58:56.000Z,219,50,1K,280K,悲，万润南先生在巴黎去世！我欠他的一份情，永远也还不上了。,,
https://x.com/wangzhian8848/status/1977628690264777051,2025-10-13T06:53:16.000Z,109,15,182,143K,"荷兰政府以担忧关键技术可能被转移为由，对中国晶片制造商闻泰科技旗下的安世半导体采取干预措施，冻结其公司资产。
  荷兰政府今天表示，已对总部位于荷兰的安世半导体进行干预，原因是担忧关键技术可能被转移至中国母公司闻泰科技。而闻泰科技是一家中国上市公司，已被华盛顿列入“实体名单”",,
https://x.com/wangzhian8848/status/1977357759629906240,2025-10-12T12:56:42.000Z,39,10,191,197K,"据新浪财经报道，万科集团董事长辛杰自今年9月18日从一个会议现场被带走后，已失联24天。
但搜索万科官网可以看到，目前万科仍保留其职务信息。目前深铁、万科两大当事方均未作出回应。",,
https://x.com/wangzhian8848/status/1977628413059027097,2025-10-13T06:52:10.000Z,1,1,26,42K,【万科董事长辛杰因个人原因辞任】万科星期一在港交所公告，董事会星期天（12日）收到公司董事长辛杰提交的书面辞职报告。,,
https://x.com/wangzhian8848/status/1977628148343972340,2025-10-13T06:51:07.000Z,84,24,250,219K,特朗普在空军一号上对记者表示：“我和习主席关系很好，他是一位非常坚强且聪明的人，他是他们国家的伟大领袖，他是个伟大的领导者，我想我们会解决的，我知道发生了什么。我甚至不是说他错了。但同样，由于关税，他们的日子要难过得多”,,
https://x.com/wangzhian8848/status/1977626720615493989,2025-10-13T06:45:27.000Z,37,14,218,187K,"哈马斯星期一早上开始释放在加沙地带关押了两年多的最后一批人质。
以色列将释放1716名被拘留在加沙纳赛尔医院的巴勒斯坦人。预计250名在以色列监狱服无期徒刑的巴勒斯坦人也会在星期一获释。
 视频显示，哈马斯和以色列开始交换人质。",,
https://x.com/wangzhian8848/status/1977627412520374601,2025-10-13T06:48:12.000Z,19,14,190,87K,"伊朗喉舌《伊斯兰共和国报》在最新社论中首次承认—— 哈马斯在去年10月7日发动的袭击，是一场“代价惨重的错误”。
 社论指出，这次行动导致伊朗的战略版图遭受重挫——",,
https://x.com/wangzhian8848/status/1977627196236960196,2025-10-13T06:47:20.000Z,174,6,147,143K,美国副总统万斯昨天接受采访时表示：这将是一场微妙的较量，在很大程度上取决于中国如何回应。如果他们以极具攻击性的方式回应，我保证，美国总统比中华人民共和国拥有更多筹码。但如果他们愿意保持理性，美国也会如此。”,,
https://x.com/wangzhian8848/status/1977626974261809411,2025-10-13T06:46:27.000Z,100,35,252,169K,【西方能快速摆脱中国稀土垄断吗？】稀土产业新闻网11日发布报告指出：中国目前约控制 60% 的稀土开采 和 90% 的精炼与磁体制造能力，中国主宰稀土产业不仅能握有外销筹码，还包括定价权、数据存取权，与制定全球技术标准的能力。,,
https://x.com/wangzhian8848/status/1977528659394314619,2025-10-13T00:15:47.000Z,54,7,148,104K,商务部稀土出口管制公告中提到，附件与填表指南采用wps格式，申请文件须以中文提交两大细节引发热议。据悉，此前公告附件都是word或pdf格式。这显示在中美重燃贸易战之际，中国官方从小处着手推动软件国产化。,,
https://x.com/wangzhian8848/status/1977527864997425202,2025-10-13T00:12:38.000Z,147,20,219,183K,人民日报发视频谈“女权”视频称，国家安全机关发现，个别西方国家在社交媒体上鼓动性别对立，妄图破坏中国稳定；有些国家、政客以“女权”为一个旗号，他们在掩盖真正的问题，他们只是拿“女权”去谋求自己的利益。女性发展得好，所有人就会发展得好，而不是女性发展得好，会剥夺别人；不同于一些外国政客操,,
https://x.com/wangzhian8848/status/1977527474801312176,2025-10-13T00:11:05.000Z,210,92,685,349K,【华盛顿邮报11日报道：中国的人口危机意味着劳动力即将枯竭】报道指出，中国人口自2022年达到14亿峰值后开始下降，劳动人口急剧减少。联合国预测，到2050年中国人口将降至12.6亿，其中约40%为60岁以上老人；到2100年更将减半至6.3亿，超过一半人口为老年人。,,
https://x.com/wangzhian8848/status/1977527124895649995,2025-10-13T00:09:41.000Z,55,17,170,106K,【近八成日本人认为特朗普对世界带来负面影响】日本“新闻通信调查会”在今年7月至8月，对全国18岁以上居民展开抽样调查，结果显示，有79.4%的受访者认为，今年1月上任的特朗普“对世界带来负面影响”，仅17.7%认为“带来积极影响”,,
https://x.com/wangzhian8848/status/1977526709827273179,2025-10-13T00:08:02.000Z,62,10,127,123K,美国贸易代表贾米森·格里尔表示：在中国宣布扩大稀土出口管制后，美国曾主动联系中方希望进行电话沟通，但中方拒绝了。他强调，美国事前并未收到任何通知，是从公开渠道得知消息后才紧急联系中方。格里尔批评中国此举是一次“权力攫取”（power grab），意在利用稀土供应链对美国施压。,,
https://x.com/wangzhian8848/status/1977526832779112924,2025-10-13T00:08:32.000Z,24,3,73,51K,"特朗普发推文说：“别担心中国，一切都会好起来的！备受尊敬的习主席只是状态不太好而已。
 他不希望自己的国家陷入经济大萧条，我也不希望。美国希望能帮助中国，而不是伤害它！“",,
https://x.com/wangzhian8848/status/1977357202282123703,2025-10-12T12:54:29.000Z,53,15,197,143K,"10月12日消息，国家烟草专卖局副局长韩占武涉嫌严重违纪违法被查。
1月17日，国家烟草专卖局副局长张天峰涉嫌严重违纪违法被查。
1月16日，被控受贿4311万，国家烟草专卖局原局长凌成兴当庭认罪悔罪
2024年12月6日消息，国家烟草专卖局副局长徐㼆涉嫌受贿被捕。",,
https://x.com/wangzhian8848/status/1977356961034412330,2025-10-12T12:53:31.000Z,32,10,65,55K,WSJ：中国当局近日拘留了北京锡安教会牧师伊斯拉·金（Ezra Jin）及其教会相关的20多人。锡安教会是中国规模最大、最具影响力的地下（非官方注册）基督教网络之一，在全国约40个城市设有分会，线上祷告群人数一度超过1万人。,,
https://x.com/wangzhian8848/status/1977292342693449791,2025-10-12T08:36:45.000Z,371,148,1.1K,789K,【特朗普19岁儿子被推荐担任tiktok董事会成员,,
https://x.com/wangzhian8848/status/1977242446317887840,2025-10-12T05:18:29.000Z,64,12,195,175K,【国军士兵被大陆女特工吸收,,
https://x.com/wangzhian8848/status/1977242056645910604,2025-10-12T05:16:56.000Z,50,21,133,120K,"中国近日宣布对稀土材料实施史无前例的出口管制措施，美国创新基金会高级研究员迪安·鲍尔表示，如果以大力度来执行这些规定，可能会导致美国发生一场经济衰退，因为AI资本支出对美国经济至关重要。
 专家们表示，中国获得对该技术的控制权，可能会让其在AI竞赛中迎头赶上，并颠覆世界秩序。",,
https://x.com/wangzhian8848/status/1977242227140411531,2025-10-12T05:17:36.000Z,16,8,83,60K,特朗普暴露出的美国弱点远不止稀土，还有大型锂电池。彭博社报道称，2025年前七个月，美国约65%的电网级锂离子电池依赖中国进口，中国还控制着全球约96%的阳极产能和85%的阴极产能。,,
https://x.com/wangzhian8848/status/1977236355911700852,2025-10-12T04:54:17.000Z,235,27,217,206K,"赵少康、国民党台北市议员柳采葳召开「正告大陆当局，不要介入国民党主席选举」记者会。
 赵少康表示，国民党主席选举是国民党家务事，却引起大陆排山倒海的介入，希望大陆官方制止，如果大陆官方纵容就是介入，这已是国安问题，国安单位应调查。",,
https://x.com/wangzhian8848/status/1976682152323674558,2025-10-10T16:12:04.000Z,334,34,710,954K,川普说，两周后的峰会上不想见习近平了。,,
https://x.com/wangzhian8848/status/1977228250612220330,2025-10-12T04:22:04.000Z,7,5,44,55K,中国商务部今天表示，出口管制不是禁止出口，并强调中方事先已就措施可能对产供链产生的影响进行了充分评估，确信相关影响非常有限。,,
https://x.com/wangzhian8848/status/1977170642295570687,2025-10-12T00:33:09.000Z,32,6,59,83K,"宗庆后的弟弟宗泽后推出“娃小智”品牌，与侄女宗馥莉的“娃小宗”品牌打对台。
 “娃小智”招商人员称，购买“娃小智”产品10万元人民币以上，即可获得该区域独家经销商资格。目前整个产品线包含AD钙奶、矿泉水、椰子水、八宝粥等，产品配方和娃哈哈一样，但价格比娃哈哈低。“娃小智”目前已签约153家客户。",,
https://x.com/wangzhian8848/status/1977171104725897558,2025-10-12T00:35:00.000Z,94,13,260,229K,"特朗普总统宣称，本届和平奖得主马查多在得知获奖后打电话给他向他致敬，称他才是真正应得奖的人。
 特朗普说：“今天，真正获得诺贝尔奖的人打电话给我，说‘我接受这个奖以向你致敬，因为你真的应得这个奖’……我没有说‘那就给我吧’，虽然我想她可能会这么做。她人很好。”",,
https://x.com/wangzhian8848/status/1977170867861045529,2025-10-12T00:34:03.000Z,39,16,255,124K,《人民日报》刊登一篇评论专栏，作者署名是NBA球星詹姆斯。在文章中，詹姆斯称赞篮球是连接彼此的桥梁。美国媒体随后披露这篇文章并非詹姆斯所写，仅为官媒记者根据其访谈整理，文章署名存在误导性，不是詹姆斯的亲笔投书。NBA总裁萧华表示，“把别人说的话当成第一人称的评论文章，这不合适”。,,
https://x.com/wangzhian8848/status/1976678542735015995,2025-10-10T15:57:44.000Z,111,19,216,242K,"知情人士：宗馥莉已辞去哇哈哈集团董事长、法人代表等职务。
宗馥莉此次辞职，是因为商标使用“不合规”宗馥莉决定经营自己的品牌“娃小宗”",,
https://x.com/wangzhian8848/status/1976897417095397417,2025-10-11T06:27:27.000Z,32,8,120,130K,"宗馥莉叔叔宗泽后在朋友圈表示，宗馥莉当时“火力全开，锋芒太露、刚易折”，最终导致如今的结果。哇哈哈本质上讲国家是大股东，国有企业你就是个职业经理人，你必须夹着尾巴做人。
对于宗馥莉二次辞职，宗泽后表示：是水军害了宗馥莉，使她无法回头，哇哈哈不是宗家的！另外，她对中国的文化了解太少。",,
https://x.com/wangzhian8848/status/1977170337445097872,2025-10-12T00:31:57.000Z,107,53,462,331K,亚洲时报：中国宣布限制稀土提取技术的出口，原因之一是巴基斯坦利用中国设备为美国生产稀土。中国目前在全球关键矿产领域占据主导地位，但巴基斯坦向美国出售稀土的举动削弱了这种地缘经济影响力。,,
https://x.com/wangzhian8848/status/1977170013120578038,2025-10-12T00:30:39.000Z,14,1,37,45K,"美国总统特朗普说，他并没有取消与中国国家主席习近平的会晤。
  路透社报道，白宫记者问特朗普他和习近平月底的会晤是否已经取消，特朗普说：“我没有取消，但我不确定还会不会进行。但我肯定会去，所以我认为还是有可能会晤。”",,
https://x.com/wangzhian8848/status/1976866319309193318,2025-10-11T04:23:53.000Z,205,3,228,159K,周末，吃点儿好的。,,
https://x.com/wangzhian8848/status/1976847788614054358,2025-10-11T03:10:15.000Z,76,7,94,137K,我支持玉木先生参选首相,@tamakiyuichiro,玉木雄一郎（国民民主党）
https://x.com/wangzhian8848/status/1976845797183590576,2025-10-11T03:02:20.000Z,190,20,287,241K,川普宣布从 11 月 1 日起，将对中国产品额外征收100%的关税。,,
https://x.com/wangzhian8848/status/1976811688721891416,2025-10-11T00:46:48.000Z,148,5,263,352K,这一看就是好事儿啊,@wangzhian8848,王局志安
https://x.com/wangzhian8848/status/1976635115502768279,2025-10-10T13:05:10.000Z,46,4,73,110K,直播即将开始，欢迎留言提问！,@wangzhian8848,王局志安
https://x.com/wangzhian8848/status/1976607032947233002,2025-10-10T11:13:34.000Z,52,21,201,159K,纽约时报：美国正在调查名为Megaspeed的新加坡数据公司，怀疑这家公司帮助中国企业规避美国出口管制，以获得英伟达的先进人工智慧晶片。 Megaspeed的母公司：「第七大道」（7Road）的股东包括中国中央政府。,,
https://x.com/wangzhian8848/status/1976590372269895957,2025-10-10T10:07:22.000Z,46,7,96,111K,"10月10日，中国官方披露，美国科技巨头高通涉嫌违反反垄断法，被立案调查。
10月10日报道，中国海关严厉打击英伟达人工智能芯片。
10月9日，中国商务部公告，从星期四起，将14个外国实体列入不可靠清单。",,
https://x.com/wangzhian8848/status/1976541490349568438,2025-10-10T06:53:08.000Z,39,19,149,169K,"FT：英伟达的人工智能芯片在最近几周受到中国海关当局的加强审查，因为北京方面正试图让国内科技公司摆脱对英伟达人工智能晶片等美国产品的依赖。
 根据知情人士的说法，中国海关官员近几周被调动到全国主要港口，对半导体货物进行严格检查。",,
https://x.com/wangzhian8848/status/1976578449763639560,2025-10-10T09:20:00.000Z,171,26,397,146K,"诺贝尔委员会决定将2025年诺贝尔和平奖授予玛丽亚·科里娜·马查多“ ，以表彰她为委内瑞拉人民争取民主权利所做的不懈努力，以及为实现从独裁到民主的公正和平过渡所做的斗争”。

特朗普没入选。",,
https://x.com/wangzhian8848/status/1976565799876718892,2025-10-10T08:29:44.000Z,68,18,658,223K,"中国记协今天公示第35届中国新闻奖评选结果。其中，去年轰动中国的新京报长篇报道《罐车运输乱象调查》拟获一等奖。

这个要为中国记协点个赞。已经多年不见调查性报道获奖了。",,
https://x.com/wangzhian8848/status/1976551265292386775,2025-10-10T07:31:58.000Z,33,6,110,77K,自民党公民党联盟解体：日本公明党将退出与自民党的执政联盟。公明党党首已向自民党党首高市早苗表明退出执政联盟的意向，理由是政治献金问题没有得到充分的解答。,,
https://x.com/wangzhian8848/status/1976545388250452233,2025-10-10T07:08:37.000Z,31,7,108,86K,10月10日，界面新闻自两处信源独家获悉，娃哈哈集团的核心成员严学峰，已于10月5日被解除立案审查，目前已经回到宏胜集团正常上班。,,
https://x.com/wangzhian8848/status/1976541965052453263,2025-10-10T06:55:01.000Z,65,8,212,122K,前总统马英九今年将再次选择不出席国庆大典，并透过马英九基金会执行长萧旭岑表示，原因是无法认同赖清德总统持续强调「新两国论」。,,
https://x.com/wangzhian8848/status/1976541667336360349,2025-10-10T06:53:50.000Z,103,21,186,141K,卫报报道称，2025年诺贝尔和平奖即将公布，而挪威政界与分析人士担心——若奖项未颁给特朗普，他可能会以经济或政治手段报复挪威，例如施加关税、要求挪威提高北约军费分摊，甚至将挪威视为“敌国”,,
https://x.com/wangzhian8848/status/1976486000789786860,2025-10-10T03:12:38.000Z,34,2,70,230K,今晚直播链接：中华民国114年国庆特别直播 https://youtube.com/live/YqcDk5cDfno?si=uEfd6xKqVNdlYcpP… 来自 @YouTube,,
https://x.com/wangzhian8848/status/1976480841841971502,2025-10-10T02:52:08.000Z,270,18,592,133K,"今天是中华民国114周年国庆，幸逢盛日，王局拍案将于今晚东京时间10点10分，举办庆祝中华民国114年周年国庆特别直播，欢迎关注。

晚上有想提问的朋友，可以在本帖下留言，我们有专人搜集，晚上直播时段回答。

感谢各位的支持。

中华民国万岁，万万岁！",,
https://x.com/wangzhian8848/status/1976470179900203396,2025-10-10T02:09:46.000Z,324,7,413,258K,万能的推特，有谁知道在东京哪里能买到中华民国国旗？大小均可，在线等。,,
https://x.com/wangzhian8848/status/1976458885851721822,2025-10-10T01:24:53.000Z,818,78,1.6K,420K,为台湾发声！,,
https://x.com/wangzhian8848/status/1976444040964079993,2025-10-10T00:25:54.000Z,38,5,147,105K,【阿塞拜疆客机坠毁酿38死，普京首次承认俄国须负责】 普京会见阿塞拜疆总统阿利耶夫时说，在乌克兰无人机进入俄罗斯领空后，俄罗斯在事发当晚部署飞弹以击落乌克兰无人机，结果飞弹在距离客机仅数公尺处引爆。,,
https://x.com/wangzhian8848/status/1976440188072231026,2025-10-10T00:10:35.000Z,48,7,161,110K,WSJ：中国游客在为期八天的黄金周假期中出行次数增多，但每次出行的花费却比一年前减少，这凸显了消费支出的持续疲软。,,
https://x.com/wangzhian8848/status/1976255889687330977,2025-10-09T11:58:15.000Z,507,48,826,287K,中华民国陆委会梁文杰：“王志安你是猫，不要说自己是狗。”唉，看来不当狗是解禁不了了。,,
https://x.com/wangzhian8848/status/1976250692592599286,2025-10-09T11:37:36.000Z,95,64,534,229K,【纽时：中国网络管制趋严，领导层担忧社群负面情绪转为对中共批评】中国近期加大网络负面情绪言论的清理，已有提倡躺平生活的网红遭到处罚。纽约时报称，在中国努力应对经济不确定性、与美国的激烈竞争，以及年轻人逐渐失去热情等问题之际，中国领导层对负面情绪蔓延存在担忧，担心悲观情绪不仅会阻碍,,
https://x.com/wangzhian8848/status/1976250049874231636,2025-10-09T11:35:03.000Z,36,10,169,121K,"美国版秦刚被处罚：美国国务院发言人皮格特星期三说，美国国务院正式解聘一名外交事务人员，后者承认隐瞒与一名中国公民的恋情。这名中国公民与中国共产党有联系。
 国务院称，这名男外交官在录影中承认，这位中国女子“可能是间谍”该被解雇人员还表示，他伴侣的父亲是“标准的共产党员”",,
https://x.com/wangzhian8848/status/1976198425671762207,2025-10-09T08:09:55.000Z,133,30,311,133K,"《人民日报》发文称，网络“清朗”行动可探索建立“负面情绪内容清单”，明确“恶意挑动负面情绪”的法律责任，并喊话平台不能仅满足于不违法的底线要求，而应主动追求“更健康”价值导向。
 《人民日报纵横》：挑动负面情绪之风当刹。",,
https://x.com/wangzhian8848/status/1976157542976991520,2025-10-09T05:27:28.000Z,220,53,397,235K,【裴敏欣：习近平时代有利中国发展因素消失，仅剩哨兵国度】美籍华人政治学者、克雷蒙特麦肯纳学院教授裴敏欣表示，中国在“六四事件”之后，依靠严密的社会监控、快速的经济增长、有利的国际环境以及务实的领导风格，经历了约20多年的“黄金时代”。但到了习近平时代，这四个支撑中国发展的关键因素中，除,,
https://x.com/wangzhian8848/status/1976152703907791104,2025-10-09T05:08:14.000Z,89,24,259,161K,日本警方10月8日宣布，逮捕了一对居住在埼玉县川口市的中国籍夫妇——33岁的王少凡（Wang Shaofan）和22岁的孙佳雪（Sun Jiaxue），据报这两人担任诈骗团伙的指挥和翻译角色，指挥着柬埔寨的29名日本马仔，对日本人进行电信诈骗。,,
https://x.com/wangzhian8848/status/1976133332774838785,2025-10-09T03:51:15.000Z,93,14,218,146K,中国商务部网站今天公告，为维护国家安全和利益，决定即日起对稀土相关技术等物项实施出口管制。,,
https://x.com/wangzhian8848/status/1976088067619553364,2025-10-09T00:51:23.000Z,80,3,189,143K,给我发一个上海独立大勋章如何？,@heanquan,何岸泉｜上海民族先鋒戰士 Founder of the Shanghaians
https://x.com/wangzhian8848/status/1976081010547953927,2025-10-09T00:23:21.000Z,66,4,156,106K,高市早苗的首相之路出现变量，长期合作的公明党反对参拜靖国神社，另外对高市早苗的外国人政策也有意见。自民党目前在两院中都是少数，没有公明党的配合，拿不到首相当选的多数票。,,
https://x.com/wangzhian8848/status/1976077321473065453,2025-10-09T00:08:41.000Z,90,17,149,113K,欧盟成员国大使已同意推进一项计划，拟在2028年前彻底停止进口俄罗斯的石油和天然气，以切断克里姆林宫获得资金来资助其在乌克兰的战争。欧盟各国政府预计将在10月20日正式表决。,,
https://x.com/wangzhian8848/status/1976076958300778809,2025-10-09T00:07:15.000Z,234,102,1K,497K,"2001年时，日本提出要在50年内拿30个诺贝尔奖。人民日报说日本口吐狂言。
自2001年以来，日本共新增了​20多位诺贝尔奖得主，完成进度似乎超过了预期。",,
https://x.com/wangzhian8848/status/1975917367596322874,2025-10-08T13:33:05.000Z,94,20,210,127K,【WSJ：中国威胁要迫使台湾全面停电】台湾高达,,
https://x.com/wangzhian8848/status/1975917537197203550,2025-10-08T13:33:46.000Z,15,2,42,55K,顾立熊：提升油料与弹药储备,,
https://x.com/wangzhian8848/status/1975894032598643134,2025-10-08T12:00:22.000Z,55,20,190,77K,"路透社10月5日报道，一份美国国务院的内部电报显示，目前有多达约 5,000名古巴士兵正在参与俄罗斯对乌克兰的入侵行动。电报指出，“在朝鲜之后，古巴是向俄罗斯侵略行动派遣外国战士数量第二多的国家”。",,
https://x.com/wangzhian8848/status/1975893900880724277,2025-10-08T11:59:50.000Z,125,18,173,152K,【中国买家流失让美国豆农陷入恐慌】中国买家已连续数月未购买美国大豆，使美国大豆种植户陷入恐慌。农户们虽然迎来了丰收季，却难以找到销路。大豆价格持续下跌、化肥与设备成本上涨，使他们的财务状况日益恶化。一些农民表示，如果不能尽快恢复与中国的贸易，大豆市场可能会“遭遇血洗”。大豆成为了北,,
https://x.com/wangzhian8848/status/1975893665106329950,2025-10-08T11:58:54.000Z,35,7,158,72K,"瑞典皇家科学院8日宣布，本届化学奖由日本化学家北川进（Susumu Kitagawa）、澳洲学者理查．罗布森（Richard Robson）以及美籍化学家欧玛．雅吉（Omar M. Yaghi）共同获得，表彰他们在「金属有机骨架」（metal–organic frameworks, MOFs）领域的开创性研究。",,
https://x.com/wangzhian8848/status/1975892008809255041,2025-10-08T11:52:19.000Z,84,11,125,140K,今晚话题：全场解套，独罚王局，台湾内政部为何搞双标？｜陆委会｜台湾移民署｜特殊技能｜精神按摩｜法轮功观选团｜王局拍案20251008 https://youtu.be/5uFW0eQjEio?si=9-6PTLE3Mmy1Sjd4… 来自 @YouTube,,
https://x.com/wangzhian8848/status/1975848951803994319,2025-10-08T09:01:14.000Z,180,5,248,131K,日本物价飞涨，一个柿子30多块人民币。,,
https://x.com/wangzhian8848/status/1975827866874187911,2025-10-08T07:37:27.000Z,83,15,220,177K,奔驰第三季度在中国的交付量暴跌27%，凸显出豪华车消费疲软与本土电动车品牌的冲击，也拖累公司全球销量下滑12%。,,
https://x.com/wangzhian8848/status/1975820839808606500,2025-10-08T07:09:31.000Z,201,2,105,146K,最近有啥新闻值得聊聊？,,